id_img,label
10052,happy
10065,happy
10079,fear
10095,sad
10121,happy
10148,angry
10163,neutral
10215,sad
1024,fear
10286,neutral
10315,happy
10336,angry
10338,fear
10371,fear
10382,neutral
10399,happy
10415,neutral
10426,angry
10551,neutral
10554,neutral
10583,sad
10699,happy
10702,neutral
1071,neutral
10743,neutral
10746,neutral
10818,disgust
10823,happy
10825,angry
10839,fear
10854,happy
10970,fear
11002,happy
11017,angry
11024,fear
11028,happy
1106,happy
11075,neutral
11093,fear
11096,neutral
11158,angry
11169,happy
11186,neutral
11188,angry
11200,neutral
1124,fear
11266,sad
1127,neutral
11337,fear
11342,neutral
11400,fear
11421,fear
11467,angry
11561,fear
11610,fear
11613,happy
11632,fear
11642,happy
11675,happy
11694,fear
1177,neutral
11813,neutral
11841,happy
11849,fear
11883,neutral
11949,fear
11964,fear
11986,happy
12136,neutral
12144,sad
1215,fear
12171,neutral
12183,fear
12230,fear
12237,fear
12307,happy
1235,fear
12352,fear
12489,happy
12680,happy
12695,neutral
12733,happy
12808,fear
12810,fear
12841,happy
12842,sad
12851,happy
12928,happy
12945,fear
13029,angry
13041,fear
13057,fear
13059,neutral
13092,happy
13118,sad
13167,happy
13220,neutral
13267,disgust
13279,fear
13334,angry
13351,neutral
13376,neutral
13395,neutral
1340,neutral
13431,fear
1350,happy
13514,disgust
13533,happy
13535,fear
1358,happy
13582,happy
13599,neutral
13607,neutral
13671,neutral
13672,neutral
13738,fear
13758,happy
1386,neutral
13890,neutral
13978,happy
14022,fear
14030,happy
14058,neutral
14108,sad
14118,neutral
14120,angry
14148,happy
14185,happy
14206,happy
1422,happy
14243,neutral
14315,neutral
14329,fear
14357,disgust
14376,neutral
1438,fear
14381,angry
14421,neutral
14438,happy
14498,neutral
14557,happy
1460,happy
14706,angry
1477,fear
14775,fear
14821,happy
14831,angry
14870,fear
14945,fear
15074,happy
1508,fear
15138,angry
15172,sad
15190,angry
15194,neutral
15217,neutral
15222,happy
15295,angry
15474,happy
15500,neutral
15502,angry
1555,sad
15562,angry
15637,fear
15644,fear
15654,fear
15699,neutral
157,neutral
15709,angry
15712,fear
15715,fear
15725,angry
1575,neutral
15771,happy
1582,disgust
15820,fear
15821,fear
15835,happy
1584,angry
15848,angry
15897,angry
15919,sad
15941,happy
15954,happy
15979,angry
16033,angry
16102,happy
16169,fear
16222,happy
16233,neutral
16287,happy
16292,fear
16380,angry
16406,happy
16410,disgust
16413,happy
16428,neutral
16506,sad
16510,happy
16557,angry
16565,fear
16643,happy
16659,sad
16681,neutral
16711,angry
1672,happy
16764,fear
16768,happy
16783,fear
16792,happy
16875,neutral
16999,happy
17024,fear
17053,sad
17085,fear
17099,happy
17167,neutral
1717,neutral
17170,neutral
17186,happy
17209,fear
17211,angry
17228,disgust
17259,happy
17316,sad
17344,happy
1736,angry
17371,neutral
17413,fear
17428,fear
17445,fear
17452,neutral
17502,neutral
17536,happy
17647,neutral
17700,angry
17705,happy
17731,happy
17735,fear
17736,fear
17752,neutral
17787,happy
17910,fear
17939,angry
18001,neutral
18050,fear
18140,fear
18142,angry
18161,angry
18166,neutral
18183,neutral
18200,angry
18247,happy
1825,fear
18254,angry
18284,happy
18376,fear
18380,happy
1841,angry
18415,neutral
18445,neutral
18459,happy
18466,happy
18492,happy
18534,neutral
18565,sad
18566,happy
18588,angry
18593,neutral
18602,neutral
18617,happy
18633,angry
18695,disgust
18715,neutral
18779,sad
1880,happy
18810,fear
18837,angry
18882,happy
18903,happy
18949,neutral
18983,happy
1899,angry
18994,neutral
19014,angry
19060,neutral
19067,angry
1908,fear
19093,fear
19108,neutral
19114,fear
19115,neutral
19140,fear
19152,sad
19268,angry
19292,fear
19309,angry
19392,neutral
19476,fear
19477,happy
19485,neutral
1966,fear
19664,angry
19732,neutral
19811,fear
1983,fear
19832,happy
19877,angry
19906,happy
19923,angry
1994,fear
19950,angry
19961,sad
2006,neutral
20222,neutral
20227,happy
20287,angry
20290,neutral
20298,angry
20303,happy
20312,happy
20328,neutral
20353,fear
20374,neutral
20451,neutral
2050,fear
20505,neutral
20532,happy
2055,angry
20629,neutral
20630,sad
20635,angry
20640,neutral
20653,angry
20673,angry
20686,happy
20736,happy
20739,angry
20796,happy
20817,angry
20849,fear
21068,fear
21099,angry
21111,fear
21131,neutral
21135,fear
21161,fear
2117,angry
21173,fear
21284,neutral
21371,fear
21374,happy
2142,happy
21447,angry
21472,angry
21511,angry
21512,angry
21520,happy
21541,fear
21573,neutral
21670,fear
21703,happy
21723,neutral
21782,fear
21836,fear
21865,neutral
21916,fear
21921,neutral
21922,disgust
2194,sad
22089,fear
22183,neutral
22184,happy
22198,fear
2225,neutral
22309,fear
22334,happy
22375,fear
22516,neutral
22695,neutral
22733,neutral
22739,angry
22789,angry
22807,happy
22810,fear
22832,happy
2290,happy
22990,sad
23,fear
23008,neutral
23041,neutral
23059,happy
23085,neutral
23164,fear
23194,fear
23215,happy
23230,angry
23246,neutral
23327,neutral
23404,happy
23468,fear
23473,fear
23488,angry
23521,fear
23532,fear
23749,happy
23780,fear
23783,sad
23814,happy
23847,sad
23886,neutral
24067,angry
2407,angry
24071,angry
24176,sad
24184,happy
24252,happy
24378,happy
24412,happy
24428,neutral
24435,fear
24437,angry
24441,sad
24466,angry
24490,fear
245,fear
24501,fear
24542,sad
24660,neutral
24678,happy
24711,happy
24789,angry
24797,sad
24819,neutral
24821,fear
2484,neutral
2486,neutral
2487,happy
24886,fear
249,neutral
24959,fear
24967,sad
2498,happy
24992,angry
25082,happy
25088,angry
251,happy
25101,fear
2511,happy
25131,neutral
25144,neutral
25209,neutral
25255,angry
25343,fear
25360,neutral
25435,happy
25528,happy
25542,fear
2557,fear
2558,angry
25612,neutral
25681,neutral
25688,disgust
25778,neutral
25795,angry
2581,neutral
25811,happy
25813,happy
25844,angry
25874,happy
25876,neutral
25886,happy
25891,happy
259,happy
25944,angry
25973,happy
26025,happy
26038,happy
26059,angry
26121,neutral
26124,happy
26137,happy
26163,fear
26175,fear
26177,sad
26181,fear
26185,disgust
26248,happy
26264,disgust
26267,neutral
26337,happy
26344,happy
26437,fear
26446,fear
26462,sad
26572,neutral
26597,happy
26618,happy
26620,happy
2668,sad
26725,happy
26789,fear
26845,happy
26860,sad
26886,neutral
26899,happy
26900,angry
26919,sad
26928,happy
26956,angry
27016,neutral
27022,happy
27054,angry
2709,neutral
2712,fear
27284,neutral
27296,angry
27385,fear
27413,neutral
27464,fear
27483,happy
27544,happy
2762,fear
27652,angry
2770,happy
27704,angry
27715,sad
27726,happy
27744,angry
27770,angry
27777,neutral
27798,neutral
27828,angry
2791,happy
27967,neutral
27982,happy
28015,neutral
28058,neutral
28062,happy
28120,happy
28144,happy
28148,angry
28149,happy
28207,neutral
28248,happy
28288,fear
28300,happy
28401,disgust
28438,sad
28498,fear
28509,angry
28543,neutral
28547,angry
28560,sad
28585,sad
28614,neutral
28618,fear
28620,neutral
28660,angry
28707,neutral
28720,happy
28731,disgust
28737,disgust
28743,fear
28749,fear
28800,neutral
28840,fear
28867,neutral
28884,fear
2890,fear
28932,happy
28952,fear
29085,fear
29119,happy
29132,angry
29202,angry
29266,happy
29319,happy
2933,angry
29414,neutral
29471,happy
29477,happy
29493,angry
29523,neutral
29527,happy
29554,angry
29571,happy
29581,angry
29588,happy
29614,happy
29669,happy
29685,fear
29730,fear
298,fear
29818,happy
29866,neutral
29929,neutral
29931,happy
29947,happy
29977,happy
29980,happy
30002,neutral
30004,happy
30015,neutral
30024,angry
30058,angry
30059,happy
30082,neutral
30085,fear
30171,neutral
3021,disgust
30260,happy
30273,fear
30290,neutral
30305,happy
30320,neutral
30325,fear
30394,neutral
30415,neutral
30420,neutral
30456,neutral
30458,happy
30460,neutral
30490,neutral
30509,neutral
30535,happy
30563,sad
30584,fear
30619,fear
30901,happy
30933,fear
30944,neutral
3099,angry
31033,neutral
31042,happy
31081,angry
31083,happy
31138,happy
31142,happy
31203,neutral
3121,neutral
3137,neutral
31491,neutral
31529,fear
31544,fear
31609,happy
31635,neutral
31693,happy
31703,happy
3176,happy
31849,happy
3186,neutral
31873,fear
3188,neutral
31928,angry
32023,happy
32024,happy
32153,fear
32161,neutral
32223,happy
32231,angry
3226,happy
32278,angry
32281,neutral
32298,fear
32336,happy
32352,happy
32367,angry
32454,happy
32464,angry
32473,happy
3248,neutral
32481,fear
32506,happy
32512,neutral
32575,fear
32584,fear
32617,neutral
32662,happy
32755,angry
32777,neutral
33015,happy
3303,fear
33105,neutral
33131,happy
33221,happy
3327,disgust
33301,neutral
33308,happy
3334,fear
33352,angry
33444,fear
33450,fear
33459,sad
33494,sad
33560,happy
33573,angry
33633,angry
33666,fear
3370,neutral
33729,happy
3377,happy
338,fear
33809,fear
33829,happy
33890,fear
33924,fear
33926,disgust
3393,angry
33935,neutral
33977,neutral
33987,neutral
33998,fear
34036,neutral
34040,happy
3412,fear
34138,happy
34151,neutral
34175,angry
34178,neutral
34184,neutral
34238,neutral
34259,fear
34352,sad
34359,happy
34363,neutral
34448,happy
34474,happy
3449,happy
34507,happy
34581,neutral
34592,fear
34596,angry
34620,angry
3467,happy
34714,happy
34778,angry
34879,angry
35009,happy
35010,neutral
35028,fear
35041,happy
35059,sad
35145,fear
35149,fear
35162,neutral
35210,neutral
3522,neutral
35261,happy
35298,happy
35407,neutral
35425,angry
35439,neutral
35447,angry
35514,neutral
3558,happy
3564,sad
35669,fear
35681,fear
35682,happy
35731,angry
35753,neutral
35805,sad
35809,fear
35820,fear
35828,happy
35881,fear
35884,happy
3599,neutral
3632,fear
377,happy
38,happy
3802,angry
3819,happy
3839,happy
3862,fear
3870,fear
3913,fear
4015,neutral
404,fear
4060,neutral
4077,fear
4100,fear
4196,neutral
4229,fear
4306,fear
4317,fear
4324,disgust
4349,happy
4384,fear
4396,happy
4397,happy
4459,happy
4468,neutral
4502,fear
4579,disgust
4616,neutral
4637,fear
4660,neutral
4665,neutral
4670,angry
4700,happy
4751,happy
4807,fear
4878,neutral
4937,happy
5010,fear
5060,sad
5064,happy
521,sad
5220,happy
5233,sad
5244,angry
5259,sad
5312,happy
5317,happy
5400,angry
5422,angry
5432,neutral
5434,happy
5459,neutral
5519,happy
5564,neutral
5570,happy
5582,neutral
5607,angry
5610,angry
5637,fear
5732,angry
5739,sad
5780,happy
5810,angry
5822,fear
5859,happy
5883,fear
5888,fear
589,neutral
5902,neutral
5962,fear
6009,disgust
6017,angry
6075,fear
608,fear
6088,fear
6119,sad
6129,happy
6155,neutral
6225,neutral
6232,happy
624,angry
6274,fear
6278,neutral
6283,neutral
6321,happy
633,fear
6347,happy
6364,happy
6365,happy
6375,fear
6390,happy
6420,happy
6426,fear
6471,disgust
6484,angry
65,happy
654,neutral
6547,happy
6555,happy
6561,happy
6566,happy
6580,happy
6581,happy
6584,fear
6618,neutral
6621,happy
665,fear
6652,angry
6726,neutral
6739,neutral
6745,neutral
676,angry
6766,sad
6809,neutral
6890,neutral
6923,happy
6955,happy
6965,happy
7015,fear
7056,happy
7103,neutral
7136,happy
7174,happy
7219,neutral
7257,angry
7261,angry
727,fear
7284,angry
7291,fear
7409,fear
7492,angry
7550,angry
7559,neutral
7589,neutral
764,fear
7655,fear
7668,neutral
7729,fear
7777,neutral
7793,happy
7811,happy
7886,neutral
7919,neutral
7937,fear
7979,angry
8000,neutral
8001,neutral
8052,sad
8096,angry
8103,neutral
8130,fear
8151,neutral
816,happy
8267,fear
8275,happy
8299,disgust
8402,neutral
842,angry
854,fear
8555,angry
8581,angry
8593,happy
861,disgust
8661,sad
8685,fear
8719,fear
8734,happy
8902,fear
8916,happy
8969,fear
9012,fear
9059,fear
9100,happy
9156,neutral
9266,neutral
9293,fear
9331,angry
9400,angry
9567,angry
9615,neutral
966,happy
9691,neutral
9698,happy
9715,sad
9748,neutral
9785,neutral
9802,happy
9811,neutral
9862,fear
9884,happy
9931,neutral
10053,fear
10435,happy
10532,happy
1115,neutral
11222,angry
11529,happy
11639,fear
12417,neutral
12753,happy
13372,fear
13597,neutral
13652,happy
13847,happy
14041,fear
14869,happy
14954,happy
14958,sad
15110,angry
16021,neutral
16054,neutral
16121,neutral
16264,fear
16718,fear
17260,happy
18077,neutral
1843,angry
18464,angry
18716,neutral
19649,angry
19734,neutral
19770,fear
19801,angry
19831,neutral
20761,neutral
21744,neutral
21765,fear
21851,happy
22320,angry
2275,fear
23141,fear
23153,neutral
23665,happy
23876,fear
24578,sad
25267,happy
25538,fear
25541,happy
26859,happy
2732,happy
2742,sad
28332,happy
28390,fear
28710,sad
28987,neutral
29158,fear
29269,angry
30347,neutral
30428,sad
30499,fear
30601,happy
30719,happy
30761,neutral
30907,happy
3101,neutral
31232,fear
31323,disgust
31796,fear
31828,neutral
32487,neutral
32681,happy
33209,fear
33284,fear
33561,happy
33670,fear
33995,neutral
34022,happy
34432,angry
34505,neutral
34519,sad
3521,happy
35376,angry
35580,neutral
3690,fear
3778,fear
4002,sad
4004,happy
4265,neutral
4312,sad
4481,happy
4737,angry
5085,neutral
533,angry
573,happy
6231,neutral
6926,neutral
7068,neutral
7192,fear
7405,angry
7455,happy
7592,happy
7835,angry
807,neutral
8415,fear
8585,happy
8726,fear
8893,fear
8948,neutral
9043,fear
9297,happy
9460,fear
9504,neutral
10029,neutral
10043,neutral
10044,fear
1008,happy
10099,neutral
101,fear
10189,fear
10263,disgust
10267,happy
10278,angry
10292,happy
10355,sad
10409,fear
10437,angry
10443,fear
10445,fear
10458,neutral
10489,angry
10493,fear
10534,happy
1075,happy
10758,happy
1079,happy
10797,happy
10832,fear
10933,happy
10944,happy
10968,happy
10979,fear
11030,angry
11036,neutral
11039,happy
11054,happy
11057,happy
11104,sad
11112,happy
11137,fear
11143,happy
11146,neutral
1116,neutral
1128,angry
1133,angry
11353,happy
11360,angry
1137,angry
11381,angry
11412,fear
11416,fear
11471,happy
11536,neutral
1154,angry
11559,happy
11587,happy
11653,happy
11682,fear
11687,fear
1169,happy
11704,fear
11706,happy
11727,happy
11729,happy
11747,happy
11754,fear
11774,angry
11816,happy
11855,neutral
11904,fear
1193,neutral
11944,neutral
11968,neutral
11999,neutral
12063,fear
12125,neutral
12255,angry
12259,neutral
12313,angry
12334,sad
12350,happy
12383,neutral
12431,fear
12440,angry
12472,angry
12496,happy
12527,fear
12578,neutral
12592,neutral
12634,angry
12674,fear
12676,sad
12698,sad
12712,happy
12737,neutral
12809,happy
12891,neutral
12948,fear
12986,happy
12988,neutral
13067,sad
13071,fear
131,neutral
13114,fear
13121,happy
13152,happy
13179,neutral
13233,angry
1325,happy
13250,neutral
13252,angry
13301,fear
13306,neutral
13308,fear
13310,neutral
13362,happy
13394,neutral
13405,fear
1343,fear
13482,angry
13486,happy
13518,neutral
13549,fear
13561,happy
13585,happy
13587,happy
13593,fear
13596,angry
13638,neutral
13664,happy
1367,angry
13683,neutral
13694,happy
13798,happy
13855,neutral
1389,fear
13899,happy
13913,fear
13921,happy
13928,sad
13933,neutral
13939,fear
13965,happy
13971,neutral
1401,angry
14011,fear
14033,sad
14037,neutral
14044,happy
14057,angry
14082,happy
1410,happy
14114,fear
14117,neutral
14268,happy
1429,angry
14306,fear
1441,angry
14444,happy
14452,neutral
14509,happy
14529,neutral
14551,happy
14605,fear
14620,fear
14637,neutral
1465,fear
14722,angry
1474,angry
14744,neutral
14747,happy
14786,sad
14789,fear
148,fear
1485,happy
14891,neutral
14987,fear
15001,happy
15012,fear
15040,neutral
1506,fear
15088,neutral
15134,angry
15191,neutral
15198,angry
15260,fear
15268,happy
15279,happy
15280,neutral
1534,fear
15503,happy
15539,angry
15544,happy
15578,angry
15615,neutral
15622,happy
15663,fear
15668,fear
15678,neutral
1576,neutral
15778,neutral
15859,fear
15870,happy
15881,happy
15921,angry
15950,neutral
15984,neutral
1599,neutral
15999,neutral
16039,angry
1606,fear
16071,angry
16113,fear
16134,angry
16226,fear
16277,happy
16318,fear
16330,fear
16346,disgust
16374,angry
16395,happy
16429,happy
16440,happy
16450,happy
16486,happy
16489,angry
16501,angry
16503,angry
16523,neutral
16539,angry
1654,angry
16559,angry
1657,neutral
1660,fear
16609,neutral
16632,happy
16674,angry
16775,happy
16788,angry
16802,fear
16811,sad
16830,angry
16915,fear
16930,happy
16954,angry
16977,happy
16990,neutral
17105,sad
17107,happy
17114,sad
17180,fear
17191,happy
17213,angry
17217,sad
1722,fear
17236,happy
1727,angry
17314,happy
17334,sad
17369,fear
17449,happy
17479,fear
17503,happy
17550,angry
17558,fear
1756,angry
17587,angry
17631,happy
17668,angry
17685,fear
17707,fear
17710,happy
17762,neutral
17816,angry
17831,fear
17834,angry
17901,happy
17930,fear
17932,sad
17934,sad
1796,neutral
1799,angry
18006,sad
18010,neutral
18068,angry
18073,angry
18104,fear
18106,happy
18108,angry
18117,angry
18148,fear
18203,fear
18291,angry
18299,happy
18309,fear
18317,angry
18325,happy
18336,fear
18364,neutral
1838,fear
18404,angry
18513,happy
18517,neutral
18523,happy
18527,happy
18542,happy
18569,happy
1857,neutral
18574,neutral
18641,neutral
18713,happy
1873,neutral
18753,neutral
18757,fear
18763,fear
18905,happy
18908,angry
18911,sad
18960,sad
18974,neutral
18976,happy
18984,fear
19000,sad
19020,happy
19064,happy
19089,fear
19119,fear
19188,fear
19216,fear
19226,happy
19235,neutral
19252,happy
1929,happy
19349,neutral
1939,fear
19454,neutral
19473,sad
19497,happy
19559,fear
19599,sad
19612,neutral
19644,sad
19682,sad
19740,sad
19754,neutral
19810,angry
19841,fear
1986,fear
19888,neutral
19896,fear
19897,angry
19995,disgust
200,happy
20037,neutral
20058,angry
20062,happy
20083,angry
20135,neutral
20194,neutral
20214,fear
20265,angry
20337,angry
20411,fear
20424,happy
20450,fear
20461,neutral
2047,neutral
20476,neutral
20495,angry
20508,neutral
20526,happy
20579,angry
20598,happy
20617,angry
20715,neutral
20831,happy
20843,fear
20851,sad
20897,fear
20970,neutral
2098,happy
21,neutral
21070,disgust
21101,fear
21102,happy
21227,angry
21230,fear
21250,sad
21269,neutral
21280,happy
21352,happy
21360,fear
21387,angry
21420,fear
21464,neutral
21499,neutral
21500,happy
21556,fear
21559,angry
21598,neutral
21615,happy
21654,happy
21686,neutral
21697,angry
2178,fear
21833,happy
21858,angry
21877,neutral
21946,happy
21967,neutral
22050,happy
22074,neutral
22102,neutral
22130,fear
22166,neutral
2226,happy
22326,happy
22349,angry
224,neutral
22458,fear
22485,fear
22520,fear
22607,neutral
22640,neutral
22662,happy
22756,neutral
22791,happy
22827,angry
22839,fear
22840,neutral
22917,angry
22944,happy
22988,happy
22997,fear
23038,happy
23083,happy
23100,sad
23126,fear
23142,neutral
23184,neutral
23192,neutral
23209,happy
23260,fear
23305,neutral
23332,happy
23362,happy
23368,neutral
23389,angry
23403,happy
23427,happy
23447,angry
23463,neutral
23477,happy
23517,happy
23540,happy
23561,happy
23566,disgust
2357,angry
23718,fear
23731,neutral
23767,neutral
23778,fear
2378,sad
23791,angry
2391,neutral
24016,angry
24035,fear
24088,happy
24089,happy
24131,happy
2416,angry
24165,fear
24185,happy
24213,fear
24220,angry
2426,angry
24452,happy
24479,fear
24482,sad
24539,neutral
24554,neutral
24562,angry
24579,fear
24621,neutral
24625,happy
24694,happy
24721,disgust
24753,happy
24763,happy
24778,neutral
24822,sad
24880,angry
24948,neutral
24963,angry
24978,angry
24991,sad
25045,neutral
25046,happy
25061,happy
25074,sad
25108,fear
25109,happy
25133,fear
25162,happy
25191,happy
25202,happy
25220,happy
25242,happy
25247,angry
25298,happy
25306,happy
25327,neutral
25359,fear
25439,fear
25481,happy
25496,neutral
25555,fear
25570,fear
25577,happy
25590,happy
25605,neutral
25621,neutral
25638,fear
25647,fear
25710,angry
258,fear
25820,fear
25914,sad
2592,happy
2593,neutral
26082,fear
26091,disgust
26097,happy
26131,neutral
26210,angry
26250,happy
26275,neutral
26283,disgust
26363,happy
26377,angry
26385,neutral
26394,fear
264,fear
26402,fear
26409,happy
2641,happy
26454,happy
26469,happy
2651,happy
2657,happy
26582,neutral
26726,neutral
2681,neutral
26842,angry
26895,sad
26916,fear
26927,neutral
26973,happy
26980,neutral
270,angry
27006,angry
27077,happy
27094,angry
27098,disgust
27103,sad
27145,angry
27300,angry
27308,fear
27359,happy
27363,disgust
27369,angry
27488,happy
27503,angry
27509,neutral
27591,fear
27635,happy
27709,happy
27764,fear
27772,sad
27806,angry
27846,fear
27868,fear
27889,happy
2789,angry
27899,neutral
27910,sad
27937,happy
28050,neutral
28101,happy
28189,angry
28210,happy
28243,neutral
28267,happy
28308,neutral
28331,angry
28417,angry
28453,neutral
28503,fear
28515,neutral
28548,neutral
2858,fear
2860,fear
28627,angry
28701,fear
28704,neutral
28724,angry
28729,fear
28734,neutral
28859,neutral
29005,fear
29026,fear
29027,happy
29043,fear
2906,happy
29068,happy
29126,neutral
29152,angry
29219,happy
2927,neutral
29284,happy
29285,happy
29291,neutral
29315,fear
29327,fear
29349,happy
29389,neutral
29478,fear
29528,neutral
29536,happy
29603,disgust
29629,happy
29674,happy
297,angry
29701,happy
29709,fear
29713,happy
29720,fear
29731,neutral
29733,angry
29735,happy
29738,happy
29795,happy
29869,happy
2987,neutral
29871,fear
2988,happy
29892,sad
29912,happy
29924,happy
29990,fear
3000,fear
30062,sad
30074,fear
30196,happy
30206,neutral
30237,neutral
30253,neutral
30316,neutral
30333,sad
3036,neutral
30482,happy
30564,fear
3057,happy
30594,happy
30638,angry
30735,angry
30774,fear
30798,happy
3087,neutral
30936,neutral
31007,neutral
31105,happy
31107,fear
31116,happy
3112,neutral
31130,neutral
31157,fear
31159,neutral
31188,neutral
3124,angry
31286,neutral
31330,happy
31341,happy
31357,angry
31375,fear
31395,neutral
31398,happy
314,neutral
31421,disgust
31461,angry
31526,angry
31535,happy
31569,neutral
31625,fear
31638,neutral
31655,fear
3170,fear
31738,neutral
31782,neutral
31821,angry
31855,happy
31860,fear
31866,happy
31903,happy
31916,angry
31940,neutral
31954,happy
31973,neutral
31979,sad
32076,happy
32097,fear
32103,fear
32180,happy
32279,fear
32323,angry
32349,happy
32351,fear
32438,happy
32461,fear
32463,angry
32485,happy
32507,angry
32551,happy
32569,happy
32619,fear
32623,angry
32642,fear
32682,happy
32688,happy
3269,neutral
32692,fear
32696,happy
32758,fear
32766,fear
32799,neutral
32829,happy
32876,happy
32879,neutral
32889,fear
32931,happy
32940,neutral
32941,sad
32946,neutral
3296,happy
3297,neutral
32996,disgust
33007,fear
33051,happy
33097,angry
3314,neutral
33215,neutral
33258,fear
33299,happy
33358,fear
33390,fear
33410,sad
33419,fear
33440,neutral
33490,happy
33519,angry
33535,fear
33548,angry
33559,neutral
33587,happy
33608,happy
33617,neutral
33644,neutral
33673,neutral
33674,neutral
33701,fear
33718,fear
33806,fear
33855,happy
3391,angry
33919,disgust
33940,neutral
340,angry
3402,fear
34024,happy
34063,fear
3409,neutral
34097,fear
341,happy
34100,neutral
34117,angry
34120,happy
34143,angry
34201,happy
34277,neutral
34325,angry
34356,fear
34382,fear
34396,angry
34415,neutral
34462,fear
34465,neutral
34522,happy
34545,neutral
34613,happy
34656,fear
34659,angry
34675,happy
3472,neutral
34730,neutral
34755,happy
34878,angry
34897,happy
34968,happy
34972,fear
35022,happy
35120,neutral
35151,neutral
35202,neutral
35207,happy
35230,fear
35238,neutral
35250,happy
35257,fear
35279,fear
35322,angry
35334,neutral
35362,angry
35363,angry
35394,fear
35410,fear
35427,neutral
35453,fear
35541,neutral
35592,neutral
35629,neutral
3565,fear
35697,disgust
35709,fear
3584,fear
35851,happy
3601,neutral
3645,angry
365,fear
3709,neutral
3714,angry
3719,happy
3722,fear
3736,neutral
3739,neutral
3742,fear
3783,angry
3785,happy
3836,angry
3837,happy
3985,sad
4033,happy
4040,fear
4064,happy
4098,fear
414,neutral
418,happy
4200,angry
4217,neutral
4234,happy
4296,happy
4308,fear
4316,neutral
4340,sad
4411,neutral
4453,happy
4516,fear
452,sad
4523,neutral
454,angry
4540,neutral
4547,happy
460,happy
4650,neutral
4821,happy
483,fear
4858,happy
4901,angry
4917,neutral
4975,fear
4979,happy
4986,angry
500,angry
5023,neutral
504,fear
507,neutral
5074,fear
5097,neutral
5117,angry
5184,happy
5222,neutral
5253,happy
5263,angry
5283,happy
5360,fear
538,angry
546,angry
5472,fear
5514,happy
5567,neutral
5622,fear
5638,happy
5654,sad
5717,fear
5736,neutral
5809,disgust
5858,happy
5957,fear
5961,neutral
5989,angry
5992,fear
6035,angry
6037,neutral
6054,neutral
6059,happy
6062,angry
6064,angry
6091,happy
6106,happy
6152,happy
6153,neutral
6176,fear
6179,neutral
6214,angry
6311,angry
6345,sad
6346,sad
6366,angry
6469,happy
6495,neutral
6515,angry
6608,fear
6732,happy
6747,neutral
6808,angry
6814,happy
6876,angry
689,sad
6902,happy
6909,happy
6973,happy
6988,sad
7027,angry
7038,angry
7102,neutral
712,angry
7129,fear
7146,neutral
7150,happy
7158,happy
7182,happy
7270,happy
7271,angry
729,happy
73,neutral
7302,happy
7305,sad
7350,sad
7394,neutral
741,neutral
7517,sad
7542,fear
7580,happy
7681,happy
7684,disgust
7748,fear
7749,fear
7756,neutral
7786,neutral
7819,happy
7846,angry
7875,sad
7894,angry
794,neutral
7980,fear
8035,happy
8040,neutral
8043,sad
8067,happy
8119,neutral
8163,fear
8177,happy
8178,neutral
8239,happy
8350,fear
8433,angry
8454,happy
8474,neutral
8481,angry
85,neutral
8556,fear
859,fear
8611,fear
8637,sad
8645,fear
8672,happy
872,happy
8754,happy
8795,fear
8797,happy
8818,fear
886,happy
9037,fear
9040,fear
9101,neutral
911,angry
9179,happy
9205,neutral
9232,happy
9251,angry
9261,angry
9281,fear
9302,fear
9333,happy
9369,angry
9370,happy
9474,angry
949,fear
9602,happy
9606,happy
9842,neutral
9898,fear
10019,fear
10023,happy
10074,fear
10096,happy
10106,happy
10126,fear
10138,fear
10141,happy
1020,happy
10218,neutral
10237,neutral
10248,fear
10257,neutral
1027,happy
10273,neutral
10276,angry
10312,fear
10317,angry
10344,happy
10362,sad
10367,fear
10370,neutral
10432,fear
10456,neutral
10467,happy
10468,angry
10480,fear
10528,happy
10540,sad
10552,happy
1056,fear
10571,fear
1058,neutral
10622,neutral
10638,happy
10640,angry
10644,neutral
10647,fear
10683,neutral
10703,happy
1074,fear
10770,neutral
10773,happy
10792,happy
1081,angry
10811,sad
10841,fear
10879,neutral
10903,angry
10935,happy
10956,happy
10992,neutral
11019,fear
1111,sad
11150,neutral
11208,happy
1121,happy
11236,happy
1130,neutral
11345,neutral
11349,disgust
11392,happy
1141,neutral
11500,neutral
11508,fear
11516,angry
1152,fear
11530,neutral
11549,sad
11552,neutral
11558,angry
11573,fear
11575,neutral
11588,angry
1159,neutral
11594,sad
11604,happy
11614,fear
11637,happy
11646,happy
11658,happy
11717,neutral
11733,sad
11763,angry
11766,happy
11772,fear
11785,happy
11793,fear
11808,neutral
11814,fear
11819,neutral
11835,angry
11842,neutral
11850,neutral
11885,angry
11927,neutral
12011,angry
1202,fear
12024,happy
12098,angry
12120,neutral
12129,neutral
12141,happy
12191,happy
12239,angry
12257,neutral
12284,fear
12321,neutral
12329,angry
12349,fear
12359,happy
12376,happy
12379,fear
12381,happy
12410,angry
1246,happy
12487,fear
12492,happy
12497,angry
12557,angry
12560,fear
12581,happy
12600,happy
12611,neutral
12672,sad
12705,fear
12725,angry
12729,fear
12772,neutral
12776,fear
12789,neutral
12861,fear
12904,happy
12936,neutral
12951,angry
12956,neutral
12957,angry
13037,neutral
13073,sad
1309,angry
13105,happy
13108,angry
13127,neutral
13139,happy
13151,happy
1316,happy
13204,fear
13228,happy
13283,fear
13317,fear
13322,fear
1334,fear
13348,happy
13353,fear
13363,sad
13366,happy
13385,angry
1341,fear
13427,neutral
13428,neutral
13449,happy
13456,neutral
13476,fear
13502,fear
13526,neutral
13528,fear
13570,happy
13584,neutral
13590,neutral
13615,disgust
13618,fear
13655,happy
13703,neutral
13706,happy
13715,neutral
13757,happy
13761,fear
13792,neutral
13802,neutral
1381,angry
13833,neutral
13848,angry
13874,fear
13877,fear
139,neutral
13911,neutral
13912,fear
13925,angry
1395,happy
13955,sad
13968,happy
13969,happy
13991,happy
14063,happy
14092,happy
141,neutral
14139,happy
14152,neutral
14155,fear
14169,angry
14236,fear
14278,fear
14282,angry
14292,fear
14310,angry
14314,happy
14327,happy
14348,fear
14360,fear
14371,fear
14378,angry
14419,fear
14427,neutral
14448,happy
14473,neutral
14475,happy
14516,neutral
14517,neutral
14518,disgust
14546,happy
14586,fear
14593,sad
14611,happy
14700,happy
14730,neutral
14757,neutral
14759,fear
14792,happy
14877,happy
1491,sad
14965,angry
14973,neutral
15039,neutral
15060,happy
15077,happy
15099,sad
1512,neutral
15147,neutral
15181,angry
15212,angry
15216,happy
15221,happy
15229,angry
15257,happy
15269,disgust
15271,happy
15292,angry
15310,angry
15323,fear
15331,fear
15335,happy
1538,neutral
15397,neutral
15400,fear
15409,angry
15426,fear
15432,angry
15438,angry
15443,neutral
15455,angry
15494,fear
15520,sad
15523,happy
15589,fear
15616,fear
15621,happy
15677,neutral
15708,sad
15758,happy
15767,fear
15791,fear
15843,sad
15854,angry
15885,happy
15910,happy
15966,happy
15976,neutral
15983,neutral
16037,happy
16042,neutral
16064,disgust
16076,neutral
16081,sad
16106,happy
16108,angry
16120,happy
16141,neutral
16192,neutral
16198,happy
16238,neutral
16275,angry
1628,angry
16308,sad
16370,angry
16375,happy
1640,fear
16407,angry
16423,happy
16444,angry
16460,fear
16511,neutral
16550,neutral
16562,angry
16583,angry
16588,angry
16596,angry
16604,happy
16611,neutral
16619,angry
16633,happy
16649,fear
16667,angry
16699,neutral
167,happy
1670,angry
16700,fear
16712,angry
16734,fear
16738,neutral
16751,angry
16752,neutral
16759,neutral
16770,angry
16795,fear
16799,happy
16809,angry
16818,happy
16952,neutral
16967,angry
16971,fear
1699,fear
17002,neutral
17007,angry
17010,fear
17021,angry
17022,neutral
17032,angry
1704,angry
17041,happy
1707,sad
17098,neutral
17104,sad
17117,happy
17188,neutral
17194,happy
17207,fear
17220,fear
17319,neutral
17367,happy
17381,happy
17397,neutral
17402,neutral
17447,neutral
17462,angry
17470,sad
17484,happy
17485,neutral
17494,fear
17498,angry
17506,neutral
17524,happy
17541,neutral
17543,happy
17552,happy
17609,happy
17624,happy
17654,neutral
1768,happy
17682,fear
17684,angry
17692,fear
17694,fear
17698,fear
1770,happy
17715,happy
17772,happy
17799,happy
17802,angry
17821,angry
1787,happy
17904,fear
1793,fear
17936,happy
18016,neutral
18018,neutral
18025,fear
18033,angry
18037,happy
18080,happy
18082,fear
1815,happy
18165,fear
18173,neutral
18205,disgust
18226,neutral
18237,fear
18245,fear
18249,fear
18250,fear
18256,neutral
18259,happy
18297,fear
18308,neutral
18383,fear
18405,happy
18424,angry
18425,happy
18442,neutral
18443,neutral
18471,neutral
18476,disgust
18483,happy
18487,fear
18503,angry
18505,sad
18531,fear
18541,happy
18556,happy
18568,happy
18578,neutral
18655,neutral
18662,happy
1869,neutral
187,neutral
18700,sad
18729,happy
18783,happy
18822,sad
18827,fear
18834,angry
18835,fear
18849,neutral
18861,neutral
1887,sad
18873,happy
18885,angry
18898,angry
18904,angry
18930,happy
18944,angry
18948,fear
18952,neutral
19008,neutral
19012,fear
19025,happy
19056,happy
19062,happy
19063,fear
19074,fear
19105,fear
19127,disgust
19130,fear
19132,fear
19137,happy
19148,happy
19160,happy
19162,neutral
1919,neutral
192,happy
1920,fear
19210,angry
19245,sad
19263,angry
19269,fear
19284,angry
19291,angry
19317,neutral
19318,happy
19323,neutral
19346,neutral
19357,neutral
19370,happy
19377,happy
19378,happy
1938,neutral
19398,happy
19402,neutral
19438,neutral
19449,happy
19478,fear
19492,fear
19496,happy
19499,happy
19514,happy
1953,neutral
19536,fear
19548,happy
19568,sad
19589,fear
19597,fear
196,fear
19600,neutral
19605,sad
19668,neutral
19680,happy
19696,fear
19700,fear
19709,neutral
19711,angry
1974,neutral
19744,neutral
19747,angry
19748,happy
19768,happy
19803,neutral
19837,fear
19883,fear
19889,happy
19918,neutral
19957,sad
19958,happy
19962,angry
19968,neutral
2001,happy
20023,fear
20025,fear
20032,fear
20039,fear
20048,sad
20091,sad
20111,neutral
2012,angry
20120,angry
20122,fear
20140,neutral
20155,sad
20165,fear
20181,fear
20196,happy
20208,fear
20213,happy
20216,neutral
20218,happy
20229,fear
20239,fear
20252,neutral
20267,neutral
20285,angry
20296,happy
20318,fear
20355,neutral
20365,happy
20371,happy
20377,fear
20412,sad
20430,happy
20445,angry
20490,fear
20500,disgust
20507,neutral
20519,happy
20547,neutral
20561,happy
20567,neutral
2058,happy
20580,disgust
20595,happy
20616,fear
2064,happy
20666,fear
20675,disgust
20684,neutral
20685,happy
2069,neutral
20745,fear
20821,neutral
20829,fear
20850,fear
20857,neutral
20865,fear
20866,angry
20889,happy
20918,happy
20941,fear
20945,neutral
20949,sad
20958,neutral
20972,happy
20984,happy
20988,fear
20994,fear
210,happy
21006,fear
21027,sad
21033,sad
21077,sad
21097,neutral
21098,happy
21120,happy
21143,neutral
21177,sad
21185,fear
2120,fear
21200,happy
2122,fear
21235,fear
21292,happy
213,angry
21305,fear
21316,fear
21348,neutral
2135,happy
2137,sad
21376,fear
21384,neutral
21394,angry
21439,fear
21441,fear
21460,happy
21473,sad
21483,sad
21501,fear
2152,fear
21524,happy
21538,sad
21574,angry
2159,angry
21593,happy
21602,neutral
21605,neutral
21618,neutral
21699,neutral
21708,neutral
21750,neutral
21778,angry
21783,angry
21787,happy
2182,fear
21825,neutral
21835,angry
2184,fear
21846,happy
21876,fear
21899,happy
21927,neutral
21942,fear
21943,neutral
21961,happy
21990,happy
2204,sad
22056,happy
22064,happy
22080,angry
22097,fear
22111,neutral
22138,neutral
22140,neutral
22150,fear
22154,happy
22178,fear
22179,neutral
22191,angry
22194,happy
22201,neutral
22247,neutral
22289,fear
22290,happy
22301,neutral
2231,happy
22340,neutral
22346,angry
22347,happy
22351,fear
22380,fear
22388,sad
22395,happy
22424,fear
22459,happy
22466,happy
22506,neutral
22532,neutral
22545,sad
22560,sad
22574,fear
22600,happy
22604,happy
22612,sad
22614,fear
22671,happy
22679,angry
22711,fear
22750,fear
22754,fear
22763,happy
22778,fear
22784,happy
22804,happy
22805,sad
2282,fear
22834,sad
2284,neutral
22863,neutral
2287,fear
22894,fear
22900,angry
22910,neutral
2293,neutral
22935,angry
22991,neutral
23028,neutral
2305,neutral
2307,fear
2308,happy
23096,angry
23101,neutral
23114,fear
23122,fear
23170,disgust
23238,happy
2324,neutral
2327,angry
23293,happy
23319,angry
23320,fear
23321,fear
23334,fear
23377,fear
23380,fear
23381,angry
23419,neutral
23440,happy
23453,happy
23462,neutral
2350,fear
23501,neutral
23525,happy
23555,happy
23559,happy
23572,neutral
23590,neutral
23612,fear
23621,neutral
23664,happy
23667,neutral
2374,fear
2377,happy
23770,sad
23786,happy
23801,neutral
23813,happy
23848,fear
23862,happy
23865,happy
23866,happy
23891,fear
23897,neutral
23920,happy
23933,happy
23946,angry
24027,happy
2403,angry
24054,angry
24055,neutral
24077,fear
24079,happy
24099,happy
2411,neutral
24123,happy
24137,angry
24148,happy
24161,happy
24189,angry
24200,happy
2421,neutral
24211,happy
24219,neutral
24224,angry
2424,fear
24241,fear
24259,happy
24263,angry
24286,fear
24289,neutral
24292,neutral
24297,fear
24299,angry
24340,angry
24354,sad
24355,happy
2436,happy
24360,happy
24380,angry
24390,sad
24391,fear
24393,angry
24395,neutral
24410,disgust
24465,angry
24492,happy
2450,fear
24509,neutral
24521,happy
24530,fear
24535,happy
24536,neutral
24570,sad
24607,angry
24633,neutral
24652,happy
24656,neutral
24680,neutral
24692,neutral
24699,neutral
247,angry
24718,angry
2472,fear
24731,neutral
24747,angry
24764,happy
24769,angry
24777,happy
24783,angry
24823,fear
2483,neutral
24845,happy
24884,fear
24906,happy
24910,sad
2492,fear
24942,fear
24946,fear
25006,happy
25017,angry
25028,angry
25037,neutral
25039,sad
25048,sad
25058,happy
25123,neutral
25163,neutral
25180,happy
25186,happy
25199,neutral
25223,fear
25271,fear
25275,fear
25287,happy
25322,fear
25328,happy
25337,angry
25342,fear
25383,angry
25396,fear
25414,angry
25420,fear
25431,neutral
25438,happy
25443,fear
25454,fear
25472,happy
25517,neutral
25533,angry
2554,happy
2556,neutral
25578,disgust
2559,happy
25602,fear
25604,neutral
25649,neutral
25652,fear
25658,happy
25686,neutral
25705,angry
25714,angry
25719,neutral
25720,fear
25744,happy
25747,happy
25759,happy
25775,angry
25809,fear
25839,happy
25887,happy
25902,angry
25927,fear
25937,happy
25949,neutral
25993,sad
26018,sad
2603,happy
26032,fear
26034,neutral
26046,neutral
26077,angry
26098,happy
26107,fear
2611,neutral
26159,fear
26160,fear
26169,angry
2620,fear
26212,happy
26224,fear
2629,neutral
26338,fear
26370,fear
26397,fear
2640,happy
26456,disgust
26459,sad
26468,angry
26477,happy
2649,angry
26511,fear
2655,neutral
26563,fear
26578,neutral
26660,happy
26665,neutral
26667,fear
26676,fear
26703,angry
26720,angry
26736,happy
26775,fear
2678,neutral
26819,happy
26840,neutral
26850,fear
26873,fear
26888,fear
26891,neutral
26906,happy
26909,fear
26913,fear
26935,neutral
26960,happy
26963,neutral
26967,fear
26978,fear
26981,happy
27048,happy
27051,happy
27105,neutral
27106,happy
27128,happy
27140,happy
27152,fear
27162,sad
27172,neutral
27187,happy
27196,happy
27197,fear
27204,neutral
27212,happy
27227,happy
27246,fear
27277,happy
27294,happy
2730,happy
27326,neutral
27333,sad
27334,happy
27365,happy
27367,happy
27404,neutral
27407,fear
27426,fear
27446,happy
2745,sad
27452,neutral
27474,fear
27508,neutral
2754,sad
27554,neutral
27563,fear
27575,fear
27616,happy
27619,angry
27625,neutral
27636,happy
27645,fear
27647,happy
27648,fear
27662,fear
27671,happy
27675,fear
27701,fear
2771,neutral
2774,sad
27779,angry
27823,neutral
27854,fear
2790,angry
27928,happy
27931,happy
27932,angry
27940,fear
27944,sad
27949,happy
2796,happy
28040,neutral
28046,angry
2805,neutral
2806,sad
2810,happy
28105,angry
28108,fear
28115,fear
28138,happy
28140,sad
2816,angry
2820,sad
28249,fear
28256,angry
28264,fear
28273,angry
28282,angry
28367,angry
28376,happy
28379,happy
28383,neutral
28415,happy
28474,neutral
28502,neutral
28522,happy
28529,angry
2857,neutral
28581,neutral
28590,fear
28594,neutral
28600,sad
2861,angry
28632,angry
2867,fear
28676,happy
28688,sad
28772,fear
28797,fear
28807,happy
28814,sad
2885,happy
28871,angry
28897,angry
28928,neutral
28934,angry
28938,fear
28949,neutral
28954,angry
28955,happy
28962,angry
28963,angry
28982,fear
29003,fear
29019,neutral
29020,happy
29067,neutral
29071,sad
29074,disgust
29111,happy
29123,angry
2913,sad
29185,fear
29211,happy
29214,sad
29248,fear
29258,neutral
29290,neutral
2930,sad
29300,happy
29329,fear
29365,happy
29370,fear
2938,neutral
29398,fear
29415,angry
29423,angry
29456,neutral
29460,fear
29464,disgust
29467,neutral
29475,fear
2948,fear
29504,happy
29555,sad
29578,disgust
29589,happy
29645,happy
29647,fear
29648,neutral
29649,happy
2965,happy
29680,sad
29697,neutral
29699,neutral
29707,happy
29724,neutral
29766,happy
29769,fear
29773,neutral
29821,happy
29834,disgust
29844,sad
2985,fear
29889,happy
29919,happy
29979,neutral
29981,happy
29987,happy
29991,fear
30,happy
30006,happy
30016,happy
30069,fear
30099,fear
3010,angry
30102,fear
30114,angry
30119,fear
30127,happy
30143,sad
3016,angry
30164,happy
30188,fear
30193,angry
30216,angry
3022,angry
30221,fear
3024,happy
30241,fear
30245,neutral
3029,sad
30297,fear
30328,neutral
30332,fear
30337,neutral
30338,fear
30341,happy
30400,fear
30407,happy
30424,fear
30478,fear
30585,disgust
30646,fear
30651,angry
30652,fear
30661,angry
30675,angry
30683,angry
30689,angry
3069,angry
30704,fear
30728,neutral
30737,angry
30738,fear
30749,neutral
3077,neutral
30772,sad
30779,happy
30793,happy
30808,happy
30820,fear
30822,happy
30823,happy
30825,sad
3083,neutral
30830,angry
30835,fear
30851,angry
30855,neutral
30856,angry
3086,fear
30871,neutral
30893,fear
30909,fear
30948,neutral
30951,neutral
30961,happy
30962,angry
30965,neutral
30981,happy
31010,angry
31029,sad
31043,neutral
31056,happy
3106,fear
31080,fear
31101,fear
31112,neutral
31137,happy
31140,happy
31141,angry
31145,happy
3117,fear
3120,happy
31209,happy
31239,fear
31285,happy
31295,happy
3131,happy
31316,angry
3132,happy
31366,fear
3138,fear
31384,happy
3144,fear
31440,angry
3146,neutral
31542,neutral
31551,happy
31571,happy
31572,sad
3162,sad
31627,happy
31629,happy
31659,happy
31697,disgust
31742,fear
31752,happy
31806,happy
31811,angry
3182,sad
31833,neutral
31853,neutral
31858,fear
31870,angry
31897,happy
31908,sad
31929,fear
31952,neutral
31977,neutral
31987,neutral
32046,fear
32047,angry
32048,happy
32051,neutral
3209,happy
32142,fear
32144,happy
3215,neutral
32177,neutral
32248,happy
32344,neutral
32354,sad
32372,happy
32377,fear
32382,neutral
32388,happy
32402,neutral
32439,neutral
3245,neutral
325,fear
3250,fear
32541,neutral
32544,sad
32568,neutral
32570,neutral
32574,angry
32595,sad
3260,fear
32607,happy
32614,neutral
32624,fear
32627,neutral
32684,neutral
32725,happy
32763,angry
32769,fear
32773,happy
3278,fear
32796,neutral
32826,angry
32835,angry
32837,happy
32838,angry
32849,happy
32913,neutral
32917,fear
32950,fear
32952,happy
32953,neutral
32958,fear
32973,neutral
32993,fear
32997,happy
32998,happy
33016,angry
33017,fear
33024,neutral
33046,fear
33065,happy
33066,fear
33071,fear
33084,fear
33091,happy
33094,neutral
331,neutral
3313,happy
33144,sad
33174,fear
33175,fear
3318,happy
33188,angry
33212,neutral
33216,neutral
33228,fear
33231,sad
33240,happy
33268,angry
33283,sad
333,neutral
33319,fear
33320,fear
33322,angry
33326,happy
33343,neutral
33357,happy
33366,angry
33375,angry
33407,happy
33423,happy
33455,angry
33460,neutral
33463,happy
33518,angry
33525,happy
33530,happy
33533,neutral
33544,neutral
33564,fear
33610,fear
33648,angry
33660,happy
33675,happy
33690,fear
33727,neutral
33757,angry
33762,sad
33802,neutral
33807,angry
33842,neutral
33853,fear
33874,fear
33915,neutral
33917,neutral
33933,fear
33938,fear
33981,neutral
34015,angry
34049,angry
34057,happy
34098,neutral
3410,angry
34102,neutral
3411,neutral
34119,angry
34129,angry
3414,neutral
34170,fear
34219,angry
3422,sad
34226,angry
34234,happy
34244,happy
34257,happy
34295,angry
34302,happy
3431,fear
34316,neutral
34361,sad
34375,fear
34386,fear
34397,sad
34412,fear
34435,angry
34437,happy
34464,angry
34468,fear
3447,neutral
34471,fear
34483,fear
34498,happy
34510,happy
3452,happy
34567,happy
34569,angry
34585,happy
34599,fear
34600,happy
34644,happy
34645,angry
34649,angry
3465,happy
34688,happy
34720,sad
34724,happy
34737,neutral
34753,fear
34756,neutral
34759,sad
34761,fear
34768,fear
34772,neutral
34829,sad
34836,happy
34840,fear
34841,happy
34861,neutral
34941,happy
34965,angry
34969,happy
34978,angry
35101,angry
35117,fear
35142,sad
35153,happy
35163,happy
35177,fear
35199,happy
35200,fear
35209,happy
35226,angry
35291,happy
35321,angry
35341,happy
35346,angry
35364,sad
35369,fear
35370,fear
35372,happy
3538,angry
3543,neutral
35454,angry
35481,happy
35497,angry
35520,sad
35536,neutral
35547,neutral
35552,neutral
35559,happy
35582,happy
35598,sad
356,fear
35603,sad
35659,neutral
35664,sad
35677,happy
35685,happy
35698,neutral
3570,happy
35707,happy
35721,angry
35724,happy
3574,neutral
35767,fear
35771,angry
35787,sad
35792,angry
35794,happy
35804,angry
35850,angry
35856,neutral
35860,neutral
35869,fear
3590,fear
3647,fear
366,happy
3662,fear
3663,neutral
370,happy
3755,neutral
3763,angry
3766,fear
3772,fear
3811,happy
3818,happy
3842,happy
3875,fear
3891,happy
3906,neutral
3958,happy
3959,fear
3969,angry
3977,happy
3978,sad
3982,fear
4029,fear
4041,angry
4084,happy
4090,happy
4094,fear
41,fear
4107,angry
4114,fear
4133,fear
4156,fear
4159,angry
4165,fear
4169,angry
4174,angry
4182,angry
4185,fear
4226,happy
4248,fear
4264,angry
4269,happy
4284,neutral
4295,neutral
4345,disgust
4363,neutral
4366,fear
440,neutral
4433,angry
446,happy
4480,happy
4485,angry
4492,happy
4506,happy
4526,happy
4549,fear
4558,fear
4576,happy
4580,neutral
4589,happy
4606,happy
4607,sad
4620,angry
4634,neutral
4640,angry
4649,happy
4653,neutral
4666,happy
478,happy
4786,fear
4791,fear
4797,sad
4803,happy
4814,happy
4827,neutral
4832,fear
4849,fear
485,sad
487,fear
4910,fear
4948,neutral
4980,neutral
4988,angry
4996,angry
5006,neutral
5008,neutral
5048,angry
5062,happy
5089,neutral
5102,happy
5127,angry
5154,happy
5176,fear
5209,fear
5264,happy
5269,sad
527,fear
5278,happy
5279,neutral
5289,neutral
5293,happy
5303,happy
531,angry
5318,happy
5340,angry
5356,disgust
5417,angry
5445,neutral
5452,happy
5468,happy
5477,happy
5490,happy
5493,angry
5523,sad
553,fear
5548,happy
5558,neutral
5594,neutral
5618,happy
5674,fear
568,happy
5694,fear
5705,happy
5714,neutral
5719,neutral
5753,fear
5766,neutral
5783,fear
5797,neutral
5800,fear
5807,happy
5812,fear
5835,angry
5857,happy
5891,angry
5904,happy
5919,fear
594,fear
5942,happy
5954,fear
5968,angry
5977,fear
5988,fear
6029,fear
6045,neutral
6052,happy
6095,fear
6110,fear
6123,fear
613,fear
6136,happy
6169,neutral
6175,happy
6183,fear
62,disgust
620,disgust
6206,sad
6217,neutral
6246,fear
6272,neutral
628,sad
629,angry
6368,angry
6378,happy
639,angry
6394,neutral
6403,neutral
6416,fear
6444,sad
6457,fear
6473,fear
6500,neutral
6522,angry
6532,happy
655,neutral
657,neutral
6577,angry
659,happy
6603,neutral
6616,neutral
6677,happy
6686,happy
6689,angry
6691,neutral
6700,happy
6703,fear
674,happy
6744,happy
6759,fear
6776,angry
6784,happy
6792,angry
681,happy
6811,neutral
6818,fear
6865,happy
690,happy
6914,happy
6928,angry
693,fear
6935,fear
6977,fear
6989,neutral
7017,neutral
7020,neutral
7026,happy
7029,happy
7065,angry
7080,happy
7100,happy
7116,fear
7159,happy
7162,happy
7191,fear
7200,neutral
721,happy
7244,fear
7245,neutral
7292,angry
7299,angry
7333,happy
7335,neutral
7366,happy
7379,neutral
738,fear
7392,fear
7413,sad
7425,fear
7441,neutral
7511,happy
7531,neutral
7532,happy
7537,happy
7548,fear
7561,neutral
7590,happy
7603,disgust
7659,sad
7664,fear
7672,happy
7674,fear
7680,happy
7700,angry
7702,neutral
7712,angry
7713,fear
7737,happy
774,happy
7753,neutral
7762,happy
7804,happy
7813,angry
7815,happy
7827,neutral
7845,happy
7881,angry
7892,neutral
7905,happy
7916,happy
7948,angry
7975,disgust
7986,happy
8,fear
80,sad
8020,neutral
8027,happy
8034,neutral
8049,fear
8065,fear
8082,neutral
8086,fear
8089,happy
817,fear
8188,neutral
8228,happy
8268,fear
8276,angry
8284,happy
8293,neutral
8301,happy
8303,fear
8316,happy
8322,angry
8331,happy
8334,neutral
8338,fear
8355,happy
8424,happy
8434,neutral
8449,angry
8457,fear
8473,happy
8539,angry
8548,neutral
8559,happy
856,neutral
8649,happy
8657,neutral
8662,neutral
8677,happy
8682,fear
8691,fear
8704,angry
873,fear
8753,happy
8756,happy
8762,neutral
880,sad
8820,fear
8861,neutral
8864,happy
8886,happy
8915,neutral
8940,neutral
895,neutral
8960,disgust
897,happy
898,fear
8993,happy
9005,angry
906,fear
9060,happy
9070,fear
9071,happy
9085,fear
9094,happy
9147,happy
915,sad
9152,neutral
9167,happy
9174,happy
9180,neutral
9202,neutral
9206,fear
9222,neutral
9246,neutral
9272,neutral
9286,neutral
9371,neutral
9392,neutral
9412,neutral
9416,fear
942,happy
9437,disgust
9442,happy
9476,fear
9486,neutral
951,sad
9538,happy
9542,happy
9570,neutral
9571,happy
9598,fear
9599,fear
9605,fear
9640,neutral
9687,neutral
973,fear
9774,happy
9800,neutral
9833,happy
9845,neutral
9865,happy
9890,fear
9893,happy
9897,fear
9901,neutral
9933,angry
9977,angry
9979,disgust
9984,fear
10033,neutral
10048,happy
10068,happy
10117,neutral
10118,angry
10134,happy
10150,disgust
10247,fear
10266,happy
10346,happy
10406,happy
1045,neutral
10512,disgust
10518,happy
10533,fear
10535,angry
10549,neutral
10624,disgust
10634,angry
10653,happy
10676,fear
10693,neutral
10715,angry
10741,neutral
10774,angry
10787,neutral
10902,angry
10906,happy
10916,angry
10926,happy
1093,fear
1094,angry
1101,neutral
11022,fear
11032,happy
11034,fear
11038,neutral
11055,fear
11065,happy
11098,happy
11108,angry
11130,happy
11168,happy
11180,happy
112,fear
11213,happy
11218,fear
11233,sad
11251,neutral
1126,neutral
11269,happy
11277,neutral
11278,neutral
11317,happy
11358,happy
11390,neutral
11395,fear
1142,neutral
11448,fear
11462,angry
11491,happy
11518,happy
11560,happy
11603,fear
11654,happy
11660,angry
11686,fear
11689,happy
11725,sad
11738,happy
11783,happy
11818,angry
11823,angry
11834,happy
11872,neutral
11875,fear
11889,neutral
1189,fear
11913,happy
11928,fear
11977,happy
12042,neutral
1206,sad
12090,neutral
12096,sad
12100,neutral
12106,fear
12116,happy
12117,happy
12162,happy
12173,neutral
1220,neutral
12202,happy
12215,happy
1222,angry
1227,neutral
12272,fear
12289,happy
12319,neutral
12361,happy
12363,fear
12366,fear
12407,fear
12423,happy
1248,neutral
12500,neutral
12508,happy
12519,fear
12569,neutral
12647,angry
12801,fear
12852,fear
12869,fear
12879,neutral
12885,neutral
12933,angry
12976,angry
1300,neutral
13047,fear
1313,sad
13161,angry
13164,happy
13188,happy
13212,happy
13237,happy
13242,fear
1328,fear
13337,fear
1336,angry
1339,happy
13409,fear
13411,neutral
13424,fear
13430,fear
13433,happy
13441,neutral
13467,neutral
13498,angry
135,happy
13531,neutral
13586,neutral
13603,fear
13619,neutral
13633,fear
13644,fear
13653,fear
13670,sad
13692,neutral
13695,sad
13800,fear
13808,happy
13825,angry
13834,happy
13843,angry
13897,neutral
13909,fear
14047,neutral
1407,happy
1411,fear
14113,fear
14135,happy
14154,neutral
14170,neutral
14174,happy
14175,angry
14187,happy
14190,happy
14224,fear
14342,angry
14352,sad
14362,neutral
14406,happy
14436,fear
14481,happy
14487,fear
14495,happy
14496,happy
14513,neutral
14542,neutral
14550,fear
14564,angry
14641,angry
14645,happy
14671,sad
14703,angry
14717,sad
14741,angry
14859,neutral
14867,happy
14929,happy
1493,neutral
14957,disgust
14980,neutral
15007,fear
15013,happy
15044,happy
15070,happy
15102,fear
15106,neutral
15120,fear
15121,happy
15132,happy
15168,happy
15193,neutral
15207,disgust
15210,fear
15220,happy
15248,neutral
15293,happy
15333,happy
15334,happy
15350,fear
15366,angry
15387,angry
15405,neutral
15441,happy
15445,neutral
15459,fear
15529,neutral
15536,happy
15568,happy
15570,fear
15611,neutral
15634,neutral
15638,happy
15651,angry
15686,neutral
15713,happy
15716,neutral
15717,happy
1572,happy
15721,neutral
15824,happy
15847,happy
15890,happy
15904,neutral
15932,happy
15963,happy
16019,angry
16094,angry
16101,neutral
16143,happy
16196,happy
16257,happy
16324,happy
16329,angry
16350,happy
16363,neutral
16389,happy
16419,disgust
16463,happy
16464,happy
16476,fear
16478,happy
16508,neutral
1656,fear
16569,fear
16570,fear
16575,neutral
16685,fear
1669,angry
16696,angry
16714,angry
1675,neutral
16817,happy
16823,angry
1683,angry
16845,fear
1685,fear
16860,neutral
1688,neutral
16890,happy
16964,happy
16969,angry
16989,fear
17015,fear
17018,neutral
17028,fear
17131,happy
1716,happy
17163,sad
17212,neutral
17231,neutral
17251,angry
17267,happy
17273,happy
17276,neutral
17295,neutral
17318,angry
17345,neutral
17359,fear
1737,neutral
1738,fear
17417,happy
17424,fear
17538,happy
17555,fear
17563,fear
17582,fear
1759,fear
17598,angry
17695,neutral
17702,happy
17790,neutral
17815,angry
17837,happy
1785,fear
17886,happy
17973,neutral
17980,fear
18035,sad
18130,happy
18168,neutral
18181,fear
1819,happy
18208,neutral
18223,happy
18281,fear
18288,angry
1830,angry
18301,happy
18312,neutral
18321,happy
18339,neutral
1835,sad
18388,neutral
18389,happy
18431,happy
18469,fear
18497,fear
18545,sad
18554,fear
18658,angry
18687,happy
18703,fear
18708,happy
18725,happy
1874,happy
18778,fear
18791,fear
18803,angry
18825,angry
18909,disgust
1892,happy
18926,neutral
1897,fear
18973,happy
18986,fear
19009,angry
19131,angry
19181,neutral
19204,disgust
19214,happy
19234,angry
19259,angry
19329,happy
19340,neutral
19373,angry
19390,neutral
19411,fear
19435,neutral
19495,fear
19533,fear
19549,fear
19571,fear
19581,fear
19590,fear
19591,neutral
19609,happy
19615,fear
19643,happy
1972,neutral
19793,fear
19797,happy
19829,angry
19855,sad
19863,sad
1988,neutral
19953,happy
19983,angry
19993,sad
20008,fear
20019,angry
20028,neutral
20036,happy
201,happy
20150,angry
20157,neutral
2019,angry
20223,neutral
20257,angry
20272,neutral
20274,disgust
20289,happy
20360,fear
20372,disgust
20416,neutral
20432,fear
2044,neutral
20514,angry
20517,happy
2053,happy
20549,neutral
20588,angry
20603,happy
20621,fear
20665,neutral
20670,neutral
2068,happy
20680,fear
20737,fear
20814,happy
20833,fear
20856,happy
20875,sad
20892,neutral
20893,fear
20933,neutral
20948,angry
21025,happy
21030,fear
21092,happy
21104,fear
21150,fear
21166,happy
21167,fear
21199,angry
21210,fear
21265,happy
21311,happy
21314,happy
2133,happy
21337,fear
21351,neutral
21377,neutral
21386,fear
21393,neutral
21404,neutral
21451,fear
21455,happy
21470,neutral
21475,neutral
2149,fear
21557,fear
2156,angry
21589,fear
21638,neutral
21658,neutral
21663,neutral
21695,fear
217,angry
2172,fear
21730,happy
21752,fear
21794,fear
21812,happy
21817,neutral
21822,angry
21852,happy
21862,neutral
21880,happy
21962,fear
21971,neutral
22023,angry
22028,neutral
2207,fear
22088,fear
22091,fear
22095,happy
22123,happy
2216,happy
2223,happy
22267,happy
2227,fear
22292,happy
22325,fear
22336,sad
22354,happy
22357,happy
22403,angry
22410,fear
22442,fear
22457,happy
22482,fear
22508,neutral
22517,happy
22571,angry
22576,fear
22587,happy
22617,neutral
22627,neutral
22655,neutral
22688,fear
22691,happy
22720,disgust
2273,angry
22774,neutral
22787,fear
2279,happy
22820,fear
22867,neutral
22886,happy
22916,happy
22924,happy
22974,happy
22987,happy
22992,happy
23012,fear
2303,fear
23039,neutral
23057,happy
23103,happy
23119,sad
23167,happy
23172,fear
23186,neutral
23204,neutral
23216,fear
23224,angry
23244,neutral
23272,neutral
23291,fear
23343,fear
23348,neutral
23396,happy
23457,happy
23470,happy
23487,neutral
23565,angry
23609,happy
23623,happy
23634,fear
23666,sad
23691,angry
23722,neutral
23725,fear
23741,sad
23794,neutral
23858,happy
23869,happy
23929,happy
24003,angry
24051,happy
24065,neutral
24101,neutral
24104,happy
24105,neutral
24156,happy
24175,happy
24182,neutral
24187,happy
24232,angry
2427,happy
24347,neutral
24358,fear
2443,happy
24443,fear
24531,happy
24573,fear
24575,fear
2458,happy
24725,happy
24768,neutral
24774,neutral
24779,happy
24785,angry
24798,happy
24815,happy
24820,neutral
24877,angry
24912,angry
24931,fear
24962,angry
24964,fear
25007,happy
25018,angry
25021,happy
25078,happy
25089,neutral
25099,happy
2510,neutral
25151,happy
25295,angry
25318,neutral
2535,neutral
25372,angry
25391,happy
25401,happy
25409,neutral
25451,neutral
25497,angry
25507,neutral
25520,neutral
25537,fear
25573,happy
25593,angry
25615,fear
25627,angry
25635,neutral
2564,neutral
25668,neutral
25678,neutral
25682,happy
25685,fear
25695,neutral
25701,fear
25723,neutral
25743,fear
25773,disgust
25797,happy
25800,neutral
25810,happy
25818,angry
25841,neutral
2588,fear
25895,angry
25915,happy
25919,happy
25969,angry
25978,happy
25979,neutral
25994,happy
26016,fear
26023,neutral
26041,sad
26049,fear
26056,neutral
26067,neutral
26069,fear
26081,happy
2613,neutral
26134,angry
26161,angry
26187,neutral
26190,neutral
26192,happy
26200,fear
26209,disgust
26223,neutral
26227,happy
26237,sad
26318,neutral
26364,fear
26411,disgust
26453,happy
26464,disgust
26495,fear
26539,angry
26647,happy
26654,neutral
26682,neutral
26715,neutral
26767,angry
2677,neutral
26771,neutral
26833,angry
26839,neutral
26851,fear
26892,neutral
26901,happy
26961,neutral
2699,sad
2710,happy
27115,happy
27190,happy
27218,angry
27229,fear
2727,neutral
27299,happy
273,neutral
27306,fear
27329,neutral
27405,fear
27465,happy
2747,fear
2750,happy
2753,angry
27533,happy
27594,fear
27597,happy
2761,happy
27642,neutral
27646,happy
27650,neutral
27683,fear
27692,neutral
27752,happy
27767,happy
27864,happy
2792,happy
27985,disgust
27995,fear
28005,neutral
28007,fear
28014,sad
28025,angry
28084,happy
28153,happy
28235,happy
28251,neutral
28269,fear
28278,happy
2829,angry
28298,fear
28359,happy
28471,neutral
28478,happy
28480,fear
28493,fear
28499,happy
28507,angry
28517,angry
28531,fear
28535,disgust
28539,neutral
28546,angry
28549,happy
28642,angry
28681,neutral
2871,fear
28723,happy
28769,angry
28782,neutral
28836,sad
28842,sad
28846,happy
28854,fear
28951,fear
29009,neutral
2901,sad
29099,fear
29129,happy
2914,fear
29216,happy
29246,neutral
29256,neutral
29311,happy
29324,happy
29388,fear
29403,neutral
29428,fear
29438,sad
29484,fear
29500,fear
29505,happy
29525,disgust
2953,neutral
29556,happy
29559,angry
2957,angry
29608,happy
29609,happy
2962,fear
29637,sad
29664,neutral
29694,neutral
29758,neutral
2978,neutral
29794,neutral
2984,fear
29840,disgust
29848,fear
29893,happy
29916,neutral
29921,fear
29944,fear
2995,sad
2998,fear
30053,angry
30121,sad
30167,happy
30197,fear
30220,fear
30345,happy
30346,neutral
30371,happy
30374,happy
30422,angry
3050,fear
3051,neutral
30530,fear
30543,neutral
30546,happy
30581,sad
30713,neutral
30786,happy
30850,happy
30976,happy
31057,neutral
31123,sad
31132,angry
31139,fear
3115,angry
31164,happy
31189,angry
3123,happy
31240,sad
31257,fear
31263,happy
31307,happy
31332,happy
31347,happy
31371,happy
31373,fear
31478,neutral
31483,neutral
31486,neutral
31546,neutral
31561,fear
31591,sad
31713,angry
3174,happy
31774,sad
31820,neutral
31869,sad
3191,neutral
31949,neutral
31997,happy
3204,neutral
32071,fear
32081,happy
3221,fear
32216,angry
32321,angry
32330,happy
32355,happy
32360,neutral
32371,sad
32391,neutral
32443,angry
32445,happy
32467,happy
3247,angry
32479,fear
32508,fear
32516,happy
32547,neutral
32587,neutral
32605,neutral
32636,happy
32671,neutral
32683,angry
32730,happy
3276,happy
32778,happy
32782,neutral
32792,angry
32817,happy
32855,fear
32870,sad
32905,fear
32914,fear
32935,sad
32939,neutral
32965,neutral
32972,fear
32978,angry
33005,neutral
33013,neutral
33022,angry
33031,happy
33049,neutral
33052,neutral
33100,happy
33124,fear
33159,happy
33182,disgust
33219,fear
33243,happy
33255,fear
33317,happy
33346,happy
33381,fear
33399,happy
33452,happy
33468,sad
33471,happy
33514,fear
33526,neutral
33609,happy
33642,happy
33699,angry
33710,happy
3375,happy
33785,fear
33794,happy
33813,neutral
33819,happy
33856,happy
33858,neutral
33863,happy
33865,fear
33870,fear
33880,happy
33894,neutral
3395,happy
33965,fear
33999,neutral
34037,happy
3404,sad
34059,sad
34088,fear
34093,sad
34131,fear
34161,neutral
34269,happy
34272,angry
34279,neutral
34308,neutral
34324,happy
34335,sad
34513,neutral
34526,neutral
34530,fear
34539,angry
34555,happy
34598,happy
34612,sad
34673,neutral
34685,fear
34854,happy
34870,happy
34875,disgust
34920,happy
34979,happy
3502,happy
35034,happy
35075,happy
35108,neutral
35129,neutral
35183,angry
35216,fear
35229,fear
35241,neutral
35255,sad
35267,neutral
35332,angry
3535,neutral
35356,happy
3537,neutral
35400,happy
35408,happy
35484,happy
35546,fear
35576,fear
35628,happy
35657,sad
3566,neutral
35704,happy
3575,happy
35754,neutral
35755,angry
35764,fear
35775,angry
35802,neutral
35852,happy
3600,angry
3610,happy
3700,angry
3729,happy
3792,fear
3795,neutral
3899,sad
3909,sad
3929,neutral
3932,angry
3953,sad
3986,fear
405,happy
4062,neutral
4124,happy
4137,angry
4194,happy
4223,happy
4242,neutral
4314,happy
4328,happy
4339,happy
4372,angry
4380,happy
4394,disgust
44,fear
4443,neutral
4449,neutral
449,fear
4552,happy
4553,neutral
4563,neutral
4573,fear
4574,sad
4672,happy
4748,neutral
4752,happy
4770,happy
4777,happy
4802,angry
4825,happy
4829,neutral
4868,sad
4870,fear
4883,neutral
4888,happy
4935,happy
4953,fear
4998,angry
5046,neutral
5053,fear
5073,happy
508,sad
5087,sad
5110,fear
5116,angry
5170,happy
5186,neutral
5258,fear
5267,happy
5323,fear
5345,sad
5361,angry
5385,happy
541,fear
542,fear
5444,happy
5446,fear
5449,neutral
547,fear
551,angry
5527,happy
5536,happy
5549,fear
5561,angry
5591,neutral
5651,angry
5687,happy
5695,angry
5708,neutral
5713,fear
5715,fear
5724,neutral
5748,fear
5749,fear
5784,fear
5792,happy
5811,neutral
5831,happy
584,fear
5853,fear
5865,angry
5912,neutral
5931,fear
5953,happy
596,happy
5976,neutral
5984,happy
60,fear
601,happy
6078,neutral
6103,angry
615,neutral
6158,fear
6180,happy
6193,happy
6236,neutral
6343,fear
6351,fear
6388,fear
6397,fear
6412,sad
644,neutral
649,angry
6502,angry
651,neutral
6527,neutral
6599,neutral
662,fear
6664,neutral
6710,neutral
673,neutral
6813,neutral
6836,happy
6842,happy
6869,fear
6891,happy
6934,fear
7008,happy
7009,happy
7077,sad
7092,fear
7110,fear
7131,fear
7198,neutral
7220,angry
7239,angry
7254,fear
7273,sad
7274,happy
7348,fear
7361,neutral
7376,happy
7398,happy
7462,neutral
7466,happy
7490,neutral
7551,fear
7571,angry
7588,happy
7599,fear
7630,happy
766,neutral
767,happy
7717,angry
7755,fear
7765,angry
7772,happy
7773,neutral
7788,happy
7823,happy
7831,fear
7871,disgust
7903,neutral
7932,angry
7953,neutral
8003,happy
8054,happy
8076,neutral
8083,happy
8105,fear
8141,happy
8179,neutral
8211,disgust
8216,fear
8233,happy
8247,happy
8262,neutral
8264,angry
8280,fear
8295,fear
8347,neutral
8352,fear
8373,sad
838,happy
8389,fear
8392,fear
841,neutral
8410,neutral
8471,happy
8483,happy
8498,fear
8516,fear
8536,angry
855,fear
8599,fear
8687,happy
8694,neutral
8724,neutral
8763,disgust
8768,fear
8782,angry
8788,fear
8802,happy
8842,happy
8862,fear
8863,happy
8868,fear
8880,neutral
891,neutral
8919,neutral
8946,neutral
8976,happy
8980,fear
9011,angry
9016,neutral
9046,fear
9050,happy
9069,angry
9099,fear
9128,happy
913,happy
9149,happy
917,fear
9170,angry
9209,neutral
9221,happy
9235,happy
9252,happy
9273,fear
9276,disgust
9288,happy
9292,fear
9324,neutral
9335,neutral
9355,neutral
9356,disgust
9360,happy
9381,fear
9415,angry
9420,happy
9434,neutral
9453,fear
9473,fear
9477,happy
9507,happy
9543,sad
9611,happy
9701,neutral
9712,angry
9718,angry
9773,angry
9803,happy
9838,sad
9867,neutral
9874,happy
9936,happy
9975,fear
9982,neutral
9993,neutral
10004,happy
1003,fear
10031,happy
10073,angry
10114,happy
10116,fear
10171,fear
10172,neutral
10176,happy
1022,fear
10252,angry
1026,angry
10339,sad
10352,happy
10375,fear
10383,neutral
10386,sad
10423,happy
10425,happy
10455,fear
10561,neutral
10607,happy
10620,happy
10655,angry
10686,disgust
10694,neutral
10713,happy
10769,neutral
1078,angry
10871,angry
10881,sad
10919,neutral
11025,fear
11026,happy
11031,happy
11100,neutral
11138,fear
11140,neutral
11163,happy
11192,angry
11209,happy
11234,fear
11241,fear
11264,sad
11280,neutral
11284,happy
11295,neutral
11316,fear
11346,fear
11398,happy
1148,happy
115,happy
11523,angry
1156,angry
11581,happy
11582,fear
11601,angry
11626,neutral
11640,angry
11662,neutral
11722,fear
1173,neutral
11746,fear
11790,fear
11794,neutral
11836,happy
11867,happy
11876,neutral
11880,angry
11891,neutral
11909,neutral
11966,fear
11978,neutral
1198,neutral
12040,fear
12074,angry
12092,angry
12113,angry
12119,neutral
12190,happy
12246,fear
12267,neutral
12318,happy
12364,neutral
12498,neutral
12512,fear
12524,angry
12547,happy
12591,neutral
12594,angry
12621,happy
1264,neutral
12648,angry
12659,fear
12661,fear
12702,happy
12758,fear
12791,fear
12818,fear
12827,neutral
12899,happy
12958,sad
1298,fear
13000,neutral
13027,fear
13051,happy
13091,sad
13150,happy
13162,neutral
13180,angry
13187,neutral
13293,fear
13296,happy
13339,happy
13380,happy
13421,neutral
13483,neutral
13488,happy
13505,fear
13510,happy
1353,fear
13562,angry
13575,angry
13598,neutral
13631,happy
1364,sad
13666,happy
13714,sad
13726,happy
13793,happy
13801,happy
13812,fear
13852,fear
13870,neutral
13888,fear
13907,happy
13940,fear
13979,fear
13983,happy
14048,sad
14070,angry
14106,fear
14122,angry
14127,happy
14136,angry
1420,neutral
14208,happy
14226,happy
14250,sad
14346,happy
14384,sad
14388,happy
14459,neutral
14464,sad
14472,disgust
14474,happy
14484,fear
14494,happy
14505,angry
14522,neutral
14524,fear
14561,happy
14572,fear
14574,happy
14578,neutral
14682,angry
14696,happy
14729,fear
1482,fear
14835,happy
14836,fear
15052,fear
15078,neutral
15090,fear
15129,happy
15145,disgust
15167,happy
15169,fear
15192,disgust
15208,happy
15289,fear
15294,happy
1536,neutral
15365,happy
15373,happy
15436,happy
15447,fear
15462,angry
15468,angry
15484,fear
1549,happy
15534,fear
15535,angry
15565,fear
15580,happy
15592,happy
1560,fear
15613,angry
15642,fear
15657,angry
15696,happy
15697,fear
15795,fear
15867,sad
15909,happy
15929,neutral
16003,happy
16010,happy
16053,happy
16056,fear
16075,happy
16087,fear
16125,happy
16151,neutral
16208,fear
16304,angry
16338,angry
16387,fear
16388,fear
16405,angry
16443,fear
1645,happy
16475,happy
16535,sad
16558,happy
16645,sad
16706,happy
16710,fear
16776,fear
1678,fear
16787,neutral
16798,happy
16821,happy
16837,angry
16839,angry
16863,fear
16895,happy
16938,happy
16962,angry
16985,happy
17003,happy
17011,fear
17100,happy
17128,neutral
172,happy
17206,happy
17215,fear
17237,happy
17248,happy
17257,neutral
17275,happy
17279,angry
17293,happy
17297,happy
17331,fear
17341,happy
17363,angry
17426,happy
17432,fear
1751,happy
17518,angry
17597,fear
17607,fear
17625,angry
17662,neutral
17666,fear
17678,sad
17713,neutral
17717,neutral
1772,happy
17730,fear
17746,happy
17763,fear
17767,neutral
17775,happy
1778,happy
17784,fear
17794,angry
17887,fear
17912,happy
18047,happy
18067,happy
18101,fear
18120,happy
18180,happy
18193,neutral
18260,sad
18270,neutral
18300,neutral
18345,happy
18349,happy
18361,happy
18367,happy
18381,neutral
18457,angry
18475,neutral
1854,neutral
18550,happy
18573,fear
18610,sad
18732,fear
18734,happy
18842,angry
18855,disgust
18872,sad
18888,happy
18897,fear
1891,neutral
18914,happy
18927,neutral
1896,happy
18962,fear
19029,happy
19049,fear
19082,fear
19084,fear
19095,happy
19145,neutral
19165,happy
19179,angry
1926,happy
19274,happy
19285,neutral
19303,happy
1931,fear
19364,neutral
1937,happy
19384,sad
19422,happy
19461,happy
19470,happy
19486,happy
19531,happy
19535,angry
19578,sad
19607,happy
19663,happy
19674,fear
1973,neutral
19731,neutral
19785,disgust
19799,happy
19861,happy
19864,happy
19880,fear
19893,fear
19934,neutral
19969,happy
19973,fear
19975,neutral
20,fear
20072,happy
20073,neutral
20104,neutral
20171,happy
20192,neutral
20193,fear
20217,fear
20301,happy
20313,angry
2039,fear
20395,neutral
20400,neutral
20468,fear
20469,fear
20511,neutral
20560,angry
20563,happy
20589,fear
20650,happy
20656,neutral
20667,fear
20750,neutral
2084,fear
20908,fear
2091,fear
20964,fear
20979,fear
21005,fear
21029,angry
21036,fear
21078,happy
21082,neutral
21201,happy
21221,fear
21249,fear
21275,happy
21282,neutral
21312,angry
21324,happy
21428,angry
21434,fear
21531,fear
21535,angry
21549,neutral
2157,fear
21632,happy
21666,neutral
21681,happy
21715,fear
21720,angry
2176,neutral
21766,happy
21769,happy
21968,angry
21978,sad
21988,angry
22004,neutral
22032,fear
22051,happy
22067,angry
22117,neutral
22241,neutral
22255,fear
22271,neutral
22319,happy
22335,neutral
2238,happy
2239,neutral
22390,fear
22416,angry
22419,happy
22448,angry
22449,neutral
22452,neutral
22521,neutral
2256,neutral
22602,fear
22619,fear
22631,fear
22651,fear
22690,angry
22704,fear
22761,happy
22765,angry
22766,neutral
2278,neutral
22808,fear
22816,angry
22937,happy
22961,angry
22977,angry
22989,happy
23054,fear
23060,fear
231,happy
2312,happy
23220,happy
23297,happy
23304,happy
23341,fear
23374,angry
23407,sad
23430,neutral
23452,happy
23471,angry
23483,sad
23507,fear
23542,angry
23549,angry
23562,fear
23584,fear
23601,sad
23654,sad
23658,happy
2367,neutral
23675,happy
23700,happy
23715,angry
23748,happy
23760,angry
23764,fear
23779,angry
23781,fear
23792,fear
23817,happy
23829,fear
23832,fear
23853,fear
23884,fear
23901,fear
23905,neutral
23915,happy
23945,fear
23948,neutral
23965,angry
23968,neutral
23978,neutral
23991,neutral
24013,sad
24057,fear
24066,fear
24087,fear
2412,fear
24133,sad
24160,fear
24168,neutral
24173,happy
2418,happy
24183,happy
24217,neutral
24239,neutral
24247,neutral
2431,angry
24329,fear
24363,angry
24384,fear
24420,neutral
24421,sad
24460,sad
24473,angry
2451,fear
24543,happy
24545,angry
24582,happy
24643,happy
24664,neutral
24736,happy
2476,angry
2478,neutral
2485,angry
24881,fear
24909,happy
24916,fear
2496,neutral
2499,fear
2502,angry
25025,fear
25055,fear
25087,happy
25117,happy
25126,happy
25211,angry
25231,sad
25240,neutral
25250,fear
25281,fear
2530,sad
2533,angry
25330,neutral
25348,fear
25351,fear
25356,angry
25379,angry
25381,neutral
2539,angry
25410,angry
25412,angry
25425,neutral
2546,happy
25510,happy
25529,fear
25576,happy
25582,happy
25597,angry
25632,happy
25643,happy
2565,neutral
25819,neutral
25832,neutral
25843,happy
25920,fear
25961,neutral
25983,fear
25985,angry
26005,happy
26006,fear
26040,fear
26079,angry
2615,neutral
26198,happy
26249,neutral
26269,happy
26270,neutral
26292,happy
26304,neutral
26313,angry
26321,fear
2633,neutral
26339,fear
26346,happy
2635,neutral
26355,happy
26368,angry
26378,happy
26398,fear
26404,sad
26443,happy
26484,neutral
26501,fear
26543,fear
26566,neutral
26573,fear
26581,fear
26586,happy
26600,fear
26612,neutral
26670,happy
26675,fear
26683,angry
26702,fear
26747,fear
26772,happy
26834,happy
2690,neutral
26959,happy
26970,neutral
27005,happy
27027,angry
27035,neutral
27052,happy
27117,angry
27124,fear
27258,disgust
27292,fear
27305,angry
27350,fear
27400,neutral
27410,angry
27450,neutral
27461,sad
27471,disgust
2748,fear
2751,fear
27518,happy
27522,fear
27561,neutral
27562,fear
27576,happy
27585,fear
27588,angry
27629,disgust
27681,fear
27694,angry
27719,fear
27759,happy
27776,angry
27788,fear
27810,fear
2785,fear
27873,happy
2788,happy
27887,fear
27913,angry
27948,fear
27993,neutral
28053,fear
28073,sad
28091,neutral
28100,neutral
28137,fear
28143,sad
28171,happy
28230,happy
28252,neutral
28272,neutral
28294,fear
28296,happy
28396,happy
28424,fear
28426,angry
28465,happy
28552,neutral
28555,neutral
28568,happy
28596,happy
28696,happy
28700,sad
28794,happy
28895,neutral
28966,happy
2902,fear
29058,disgust
29082,fear
29112,angry
29121,happy
29150,happy
29194,fear
29226,neutral
29243,fear
29295,angry
29298,neutral
29305,neutral
29318,fear
29322,sad
2934,neutral
29379,fear
29383,fear
2945,fear
2950,fear
29529,fear
29553,neutral
29561,happy
29580,fear
29585,sad
29617,neutral
29622,neutral
29627,neutral
29628,angry
29632,happy
29652,happy
29692,angry
29703,sad
29756,fear
29757,happy
29792,angry
29819,happy
29835,happy
29875,neutral
29897,fear
29936,fear
29937,fear
29941,disgust
29970,angry
29973,sad
29998,angry
30001,happy
30035,neutral
30045,happy
30056,happy
3007,happy
30080,happy
30094,angry
30104,angry
30118,angry
3012,fear
30144,happy
30170,sad
30181,neutral
30219,fear
30251,neutral
30274,angry
30289,happy
30292,happy
30326,fear
30331,angry
30358,sad
30377,fear
30410,fear
30439,neutral
30440,happy
30462,neutral
30541,neutral
30552,neutral
3056,neutral
30565,neutral
3059,fear
30611,angry
3075,fear
30763,happy
30789,happy
30817,happy
30818,angry
30853,neutral
30867,happy
3088,fear
3094,happy
31009,neutral
31068,angry
31072,angry
31099,happy
31104,happy
31113,happy
31149,angry
3118,fear
312,neutral
31248,angry
31265,neutral
31328,angry
31367,happy
3139,happy
31390,happy
31409,angry
31424,happy
31506,neutral
31510,neutral
31527,neutral
31534,happy
31634,happy
31643,angry
31653,sad
31663,fear
31665,angry
31669,happy
3169,neutral
31712,fear
31720,disgust
31836,happy
31857,neutral
3187,angry
32005,angry
32029,happy
3206,angry
32139,angry
32175,happy
32183,fear
32189,happy
32202,fear
32268,fear
32296,angry
32297,angry
3235,happy
32383,happy
32394,happy
32422,angry
32565,neutral
32580,neutral
32582,happy
32613,sad
3263,angry
32711,fear
32744,happy
32768,neutral
32814,angry
32818,fear
32836,neutral
32843,neutral
32859,fear
32861,happy
32898,happy
32903,sad
32911,happy
32932,happy
32982,happy
33089,neutral
33152,happy
33213,happy
33227,sad
33247,happy
33276,disgust
33295,angry
33302,angry
33331,fear
33371,fear
33373,fear
33421,fear
33492,happy
33516,neutral
33523,neutral
33538,fear
33628,fear
33636,fear
33640,happy
33686,fear
33691,neutral
33693,happy
33736,angry
33747,happy
3378,happy
33780,fear
33786,sad
3382,neutral
33820,sad
33936,happy
33962,fear
33988,neutral
3403,fear
34070,fear
34121,angry
34176,fear
34195,neutral
34205,happy
34242,sad
34250,happy
3433,fear
34387,happy
34408,neutral
34413,fear
34427,happy
34477,happy
34509,neutral
34533,neutral
34605,fear
34610,sad
34629,fear
34633,sad
34679,neutral
34694,fear
3477,happy
34788,happy
34798,happy
34799,fear
34820,neutral
34827,fear
34905,angry
34913,happy
34917,disgust
3492,happy
34945,neutral
34985,angry
34988,neutral
34991,angry
350,neutral
35030,happy
35039,happy
35043,neutral
35058,disgust
3506,happy
3508,sad
35116,fear
35131,fear
35148,angry
3518,neutral
35192,happy
35214,neutral
35297,neutral
35318,sad
35375,happy
35386,neutral
35411,happy
3546,happy
35528,angry
35567,angry
35605,neutral
35615,happy
35639,angry
35691,fear
35737,happy
35768,neutral
35812,happy
35873,happy
359,happy
3634,neutral
3653,happy
3661,happy
3731,happy
3767,angry
3825,angry
3855,fear
3869,disgust
3922,angry
3951,sad
3972,angry
3988,happy
4130,happy
4207,happy
422,disgust
4233,neutral
4274,angry
4381,fear
4389,happy
4412,angry
4415,sad
4441,happy
4482,happy
4534,happy
4572,happy
4594,neutral
4596,neutral
4615,happy
4624,fear
4697,happy
4714,happy
4734,happy
4736,happy
4764,angry
4771,happy
4811,neutral
4860,fear
4940,neutral
4951,neutral
4958,fear
4987,angry
5004,fear
505,neutral
5055,fear
5056,sad
5058,fear
5061,fear
5100,neutral
5101,happy
5107,happy
5147,happy
5166,happy
5177,neutral
5224,neutral
5229,sad
5374,fear
5435,angry
5466,neutral
5560,fear
5629,neutral
5642,happy
5689,neutral
5710,neutral
580,neutral
5836,fear
5910,happy
5995,angry
6025,neutral
6033,angry
6109,happy
6137,neutral
6149,neutral
6187,fear
6215,angry
6265,fear
6304,fear
6312,neutral
6353,fear
6400,happy
6449,neutral
6459,neutral
6467,fear
6492,sad
6521,neutral
6529,happy
6551,happy
6557,happy
6563,neutral
6645,happy
6660,happy
6720,happy
6735,neutral
6771,neutral
680,fear
6833,happy
6860,neutral
688,fear
6897,happy
6901,angry
6904,fear
6915,angry
6930,neutral
6957,happy
6960,fear
6964,neutral
70,happy
7030,fear
7037,neutral
7039,happy
7119,neutral
7121,happy
7165,happy
7232,fear
7253,happy
7268,angry
7275,happy
7287,neutral
7301,fear
7337,neutral
7371,neutral
7400,neutral
7406,neutral
7430,fear
7475,fear
7502,neutral
7536,happy
7566,neutral
7569,neutral
761,neutral
7618,neutral
7623,happy
7675,fear
7679,disgust
7724,angry
7776,sad
7806,fear
7848,fear
7877,happy
7878,fear
7943,neutral
7962,angry
7963,neutral
7976,angry
798,sad
800,happy
8039,fear
8056,happy
8098,happy
8099,happy
8102,fear
8146,neutral
8164,happy
8197,neutral
8203,angry
822,happy
8223,neutral
8238,fear
8252,fear
8266,happy
8333,happy
8390,neutral
8430,angry
8525,happy
8580,happy
8614,happy
8639,fear
8659,sad
8702,fear
8718,fear
8738,happy
8761,happy
8814,sad
8834,neutral
8851,fear
8876,neutral
8892,happy
8925,angry
8953,fear
8955,happy
8958,neutral
9006,fear
9028,neutral
9066,fear
9073,sad
9082,happy
9087,happy
9119,angry
9142,fear
9171,neutral
9219,fear
922,fear
9238,neutral
9267,neutral
9327,happy
9338,happy
9387,fear
9405,happy
9454,fear
9457,fear
9459,disgust
9463,neutral
9465,fear
9498,angry
9508,happy
9548,fear
9689,happy
9693,happy
9713,fear
9769,happy
977,sad
98,happy
9841,angry
9864,angry
987,happy
9885,happy
9889,neutral
9923,fear
10056,happy
10097,fear
10162,happy
10185,happy
10246,sad
10259,neutral
10268,happy
10306,fear
1033,sad
10365,fear
10372,angry
10444,happy
10545,neutral
10625,happy
10701,neutral
10734,sad
10755,neutral
10768,angry
10800,fear
10813,happy
10820,happy
10837,happy
10866,neutral
10909,happy
10931,neutral
10950,neutral
11000,neutral
11043,fear
1107,neutral
11126,neutral
11139,fear
1118,happy
11302,happy
11414,fear
11418,angry
11429,fear
11451,angry
11466,happy
11589,happy
11670,fear
11721,happy
1176,sad
11786,neutral
11848,neutral
11865,fear
11902,neutral
12086,fear
12107,happy
12131,disgust
12134,angry
12312,fear
12320,angry
12338,angry
1239,neutral
12463,neutral
12470,happy
1249,fear
12504,neutral
12529,angry
12551,fear
12567,angry
12626,fear
12684,neutral
12723,happy
12748,happy
12768,angry
12903,fear
12924,happy
12960,neutral
12973,happy
13009,neutral
13080,neutral
13101,sad
13145,fear
13169,happy
13203,happy
13205,fear
13230,happy
13288,neutral
13460,happy
13521,fear
13622,happy
13684,fear
13740,angry
1376,sad
13837,angry
13876,fear
14080,happy
14091,neutral
14115,happy
14305,angry
14331,neutral
14375,neutral
1449,sad
1457,neutral
14647,angry
14691,fear
14697,angry
14798,fear
14914,fear
14927,happy
14968,angry
15008,neutral
15034,fear
15037,angry
15047,neutral
15101,happy
1515,happy
15179,happy
15238,neutral
15244,fear
15263,angry
15354,happy
15378,fear
15383,angry
15416,happy
15454,neutral
15467,happy
15486,happy
15487,angry
15518,neutral
15524,happy
15527,neutral
15533,angry
15628,neutral
15635,happy
15788,fear
15802,neutral
1583,fear
15922,fear
15944,happy
16110,fear
16133,angry
16172,fear
16229,happy
16237,disgust
16280,disgust
16396,angry
16415,happy
16441,neutral
16507,angry
16530,sad
16646,fear
16666,fear
16721,happy
16756,happy
16774,sad
16829,neutral
16886,fear
16901,angry
16947,happy
16959,neutral
16980,fear
16995,fear
17016,happy
17019,fear
17027,neutral
17044,happy
1710,happy
17137,angry
17148,happy
17157,neutral
17161,neutral
17177,happy
17205,fear
17245,neutral
17290,neutral
17309,disgust
1735,happy
17350,happy
17422,happy
17429,neutral
17433,angry
1750,happy
176,fear
17610,neutral
1764,angry
17693,happy
17845,fear
17906,neutral
17919,fear
17952,neutral
1800,angry
18026,happy
18038,happy
18132,angry
18198,neutral
18285,angry
18313,happy
18393,happy
18436,happy
18521,angry
18555,sad
18577,happy
18613,fear
18615,happy
18619,neutral
18631,fear
1864,happy
18678,happy
18706,happy
18742,happy
18862,sad
18864,neutral
19051,angry
1911,happy
1914,fear
19142,fear
19177,fear
19187,happy
19267,angry
19314,happy
19362,happy
19389,angry
19431,angry
1945,neutral
1952,sad
19594,fear
19601,happy
19650,neutral
19665,happy
19720,happy
19755,fear
19795,happy
1992,neutral
19972,fear
20041,neutral
20146,fear
20148,happy
20162,angry
20167,neutral
20262,happy
20293,sad
20369,happy
20373,sad
20387,happy
20407,happy
20467,fear
20573,neutral
20584,angry
20594,fear
20664,angry
20691,happy
20786,fear
20855,neutral
20882,happy
2090,happy
20935,happy
20947,fear
20967,happy
20989,happy
21044,angry
21072,happy
21074,happy
2114,fear
21148,happy
21151,fear
21153,angry
21154,fear
2119,happy
21217,happy
21233,angry
21239,happy
21299,angry
21417,neutral
2146,sad
21461,angry
21468,angry
21545,happy
21570,disgust
21578,fear
21587,angry
2168,fear
2173,happy
21807,neutral
21824,happy
21834,fear
21887,neutral
21896,neutral
21906,sad
2195,happy
21973,neutral
21987,neutral
2200,happy
22019,happy
22025,happy
22128,fear
22131,happy
22278,fear
2228,fear
22305,happy
22322,neutral
2234,neutral
22372,happy
22497,happy
22509,fear
22525,happy
22666,neutral
22741,neutral
22771,sad
22864,happy
22921,fear
23053,fear
23151,fear
23155,fear
23328,happy
23346,neutral
23386,fear
23413,fear
23433,neutral
23661,sad
23662,angry
23739,happy
23747,happy
23751,neutral
23885,neutral
23893,neutral
23917,disgust
23941,angry
23943,neutral
23949,sad
24022,happy
24031,angry
24046,fear
24050,happy
24143,neutral
24163,happy
24167,happy
24174,fear
24179,neutral
24201,fear
24291,happy
24404,neutral
24411,happy
24415,disgust
24432,fear
24433,neutral
2448,fear
24557,happy
2461,sad
24646,happy
24668,sad
24756,angry
24893,angry
24904,happy
24921,fear
25010,neutral
25036,happy
25044,fear
25107,happy
25143,fear
25188,fear
25229,disgust
25234,fear
25280,neutral
2529,happy
25319,fear
25390,neutral
25397,happy
25402,neutral
25416,fear
25492,fear
25539,fear
25563,happy
25571,angry
256,happy
25610,angry
25636,happy
25674,fear
25687,fear
25709,happy
25742,fear
25781,happy
25808,fear
25906,happy
25959,happy
26076,fear
26087,neutral
26101,happy
26102,happy
26133,angry
2619,neutral
26243,angry
2634,happy
26452,angry
26455,angry
26483,neutral
26487,happy
26500,happy
26556,neutral
26626,neutral
26708,neutral
26800,neutral
26825,neutral
26907,neutral
26910,happy
26914,fear
26944,neutral
27025,neutral
27039,neutral
27070,happy
27125,happy
27165,fear
27174,angry
27193,angry
27240,happy
27270,disgust
27273,neutral
27321,happy
27325,fear
27328,happy
2744,neutral
27566,happy
27577,happy
2758,neutral
27586,neutral
2759,fear
276,disgust
27696,fear
27737,angry
27756,happy
27774,angry
27803,happy
27916,angry
27919,fear
27926,fear
27933,neutral
27973,happy
27979,fear
2803,neutral
28076,neutral
28082,happy
28130,angry
28182,sad
28219,fear
28236,fear
28287,neutral
28328,fear
28335,neutral
28342,angry
2835,happy
2837,happy
28370,happy
28421,neutral
28441,happy
28448,happy
28476,fear
28482,happy
28501,happy
28525,angry
28639,happy
28653,fear
28666,disgust
28667,neutral
28727,fear
28803,happy
2886,neutral
28864,neutral
28901,angry
29038,angry
29110,sad
29118,fear
29164,angry
29205,fear
29225,happy
29276,happy
29283,happy
29354,fear
2949,happy
29515,neutral
29516,happy
29537,sad
29540,neutral
29542,happy
29551,fear
29557,happy
2956,neutral
29568,neutral
29618,neutral
29619,fear
29677,angry
29690,happy
29796,happy
29797,happy
29803,neutral
29884,fear
29954,happy
3002,fear
30173,fear
30174,angry
30184,neutral
30190,neutral
30336,neutral
30537,fear
30620,angry
30625,happy
30628,fear
30714,neutral
30726,angry
30811,fear
3084,sad
30943,happy
30989,happy
31005,angry
31054,happy
31097,angry
31102,disgust
31194,happy
31198,neutral
31206,sad
31223,neutral
31353,fear
31364,happy
31533,fear
31563,happy
3157,fear
31631,angry
31662,sad
31775,happy
31781,happy
31784,sad
31799,neutral
31814,neutral
31826,happy
31872,neutral
31882,happy
31899,sad
31953,neutral
31961,neutral
32069,fear
32132,happy
32165,neutral
32179,fear
3223,disgust
3224,fear
32243,happy
32308,angry
32315,angry
32324,happy
32334,angry
32365,sad
32395,neutral
32405,happy
32420,happy
32432,fear
32510,neutral
32530,neutral
32630,fear
32695,angry
32727,angry
32734,angry
32753,happy
32756,happy
32894,happy
32968,happy
32979,fear
330,fear
33039,neutral
33055,fear
33072,fear
33079,fear
33147,neutral
33180,happy
33290,sad
33316,sad
33329,happy
33364,angry
33376,happy
33378,sad
33405,happy
33411,happy
3354,fear
336,neutral
33667,happy
33677,happy
33745,sad
33759,happy
33789,sad
33800,fear
33879,fear
3392,fear
33993,angry
33997,angry
34004,happy
34034,happy
34039,happy
34072,happy
34087,happy
34134,happy
34162,angry
34212,neutral
3423,happy
34237,fear
34252,neutral
34288,angry
34385,fear
34400,neutral
34416,angry
34439,fear
3445,fear
34546,sad
34557,happy
34664,fear
34674,angry
34722,angry
34787,happy
34813,fear
34844,happy
34904,neutral
34926,fear
34984,neutral
34986,fear
35049,happy
35063,fear
35083,fear
35084,fear
35118,angry
35121,fear
35144,neutral
35154,angry
35156,angry
35194,angry
35201,sad
35212,angry
35237,neutral
35276,fear
35355,fear
35384,angry
35387,fear
35399,neutral
35511,fear
35524,neutral
35530,neutral
35608,happy
35644,fear
35684,happy
35688,fear
35757,angry
35790,angry
35823,neutral
35833,fear
35857,happy
35872,fear
3603,angry
3607,fear
3635,angry
3675,fear
3691,happy
3756,fear
3765,angry
3858,angry
3874,neutral
3878,angry
3925,sad
4036,fear
4072,neutral
4076,happy
4080,happy
4086,angry
413,fear
4199,fear
4243,happy
4289,angry
4347,fear
435,happy
4352,happy
438,neutral
4390,neutral
4431,angry
4486,fear
4513,happy
4536,neutral
4570,happy
4621,angry
4636,fear
4657,happy
4685,neutral
4698,happy
4793,fear
4895,happy
4912,neutral
5037,fear
5077,sad
51,angry
5138,fear
5178,happy
518,neutral
5310,sad
5375,happy
5419,fear
5450,angry
5513,fear
5530,fear
5595,happy
5636,happy
5664,happy
5706,happy
5771,fear
5778,disgust
5855,neutral
5893,neutral
5938,fear
5943,fear
5997,happy
6046,neutral
6050,angry
6167,neutral
6184,neutral
6216,neutral
6219,angry
6247,sad
6309,happy
6360,neutral
6410,fear
6415,happy
6425,happy
6427,neutral
647,happy
6518,fear
6598,angry
6647,fear
670,fear
6711,neutral
6716,happy
675,neutral
6797,fear
6877,neutral
692,happy
6966,fear
7024,happy
7032,neutral
7153,neutral
7203,disgust
7211,happy
726,happy
7459,happy
7512,happy
7562,neutral
7582,fear
759,fear
7626,happy
7761,fear
7774,neutral
78,happy
783,sad
7865,angry
7874,happy
788,neutral
7926,happy
7957,fear
8016,sad
8021,fear
8042,happy
8063,fear
8115,neutral
8137,fear
8143,happy
8173,sad
8240,happy
8309,fear
8329,happy
8404,fear
8421,neutral
843,happy
8439,neutral
8478,happy
8489,neutral
867,happy
8736,happy
8837,happy
8928,fear
8973,happy
9017,neutral
9021,neutral
9118,fear
9141,happy
9162,happy
9309,neutral
9367,happy
9380,disgust
9450,disgust
9467,happy
947,angry
9499,neutral
9541,neutral
9546,fear
9560,happy
9630,neutral
9644,neutral
9681,happy
9776,fear
9786,happy
9806,happy
9830,fear
9853,happy
9878,fear
993,happy
